use csdl_movie;

-- insert customer
INSERT INTO `csdl_movie`.`customer` (`ctm_id`, `ctm_name`, `ctm_email`, `ctm_brithday`, `ctm_status`, `ctm_lever`, `ctm_account`, `ctm_pass`) VALUES ('1', 'Phan Gia Long', 'phagialong@gmail.com', '1994-12-12', '1', '2', 'admin1', 'long1234');
INSERT INTO `csdl_movie`.`customer` (`ctm_id`, `ctm_name`, `ctm_email`, `ctm_brithday`, `ctm_status`, `ctm_lever`, `ctm_account`, `ctm_pass`) VALUES ('2', 'Trần Đại Lợi', 'tranloi14022001@gmail.com', '2001-02-14', '1', '2', 'admin2', 'loi1402');
INSERT INTO `csdl_movie`.`customer` (`ctm_id`, `ctm_name`, `ctm_email`, `ctm_brithday`, `ctm_status`, `ctm_lever`, `ctm_account`, `ctm_pass`) VALUES ('3', 'Nguyễn Minh Hải', 'hainguyen@gmail.com', '2001-02-12', '1', '1', 'nguyenhai1221', 'haipro123');
INSERT INTO `csdl_movie`.`customer` (`ctm_id`, `ctm_name`, `ctm_email`, `ctm_brithday`, `ctm_status`, `ctm_lever`, `ctm_account`, `ctm_pass`) VALUES ('4', 'Ngyễn Thị Hương', 'huongnguyen@gmail.com', '2001-04-16', '1', '1', 'nguyenhuong1504', 'huong1502');
INSERT INTO `csdl_movie`.`customer` (`ctm_id`, `ctm_name`, `ctm_email`, `ctm_status`, `ctm_lever`, `ctm_account`, `ctm_pass`) VALUES ('5', 'Trần Trung Năm', 'namtran@gmail.com', '2', '1', 'trannam11223', '1234abcd');
INSERT INTO `csdl_movie`.`customer` (`ctm_id`, `ctm_name`, `ctm_email`, `ctm_brithday`, `ctm_status`, `ctm_lever`, `ctm_account`, `ctm_pass`) VALUES ('6', 'Lê Thịn Hoài Anh', 'hoaianh1102', '1999-03-11', '1', '1', 'hoaianh1102', '123456asd');
INSERT INTO `csdl_movie`.`customer` (`ctm_id`, `ctm_name`, `ctm_email`, `ctm_brithday`, `ctm_status`, `ctm_lever`, `ctm_account`, `ctm_pass`) VALUES ('7', 'Vũ Trần Kim Trâm', 'kimtran270289', '1989-02-27', '1', '1', 'kimtram270289', 'qaz1234');
INSERT INTO `csdl_movie`.`customer` (`ctm_id`, `ctm_name`, `ctm_email`, `ctm_brithday`, `ctm_status`, `ctm_lever`, `ctm_account`, `ctm_pass`) VALUES ('8', 'Phan Văn Hoàng', 'hoang101996', '1996-10-10', '1', '1', 'phanvanhoang12', '12345678');
INSERT INTO `csdl_movie`.`customer` (`ctm_id`, `ctm_name`, `ctm_email`, `ctm_brithday`, `ctm_status`, `ctm_lever`, `ctm_account`, `ctm_pass`) VALUES ('10', 'Hoàng Thị Yến', 'hoangyenna@gmail.com', '2003-05-12', '1', '1', 'yenhanggg', '12345678');
INSERT INTO `csdl_movie`.`customer` (`ctm_id`, `ctm_name`, `ctm_email`, `ctm_brithday`, `ctm_status`, `ctm_lever`, `ctm_account`, `ctm_pass`) VALUES ('11', 'Vũ Thị Thùy Dung', 'thuydung@gmail.com', '2001-05-12', '1', '1', 'thuydunggg', '12345678');
INSERT INTO `csdl_movie`.`customer` (`ctm_id`, `ctm_name`, `ctm_email`, `ctm_brithday`, `ctm_status`, `ctm_lever`, `ctm_account`, `ctm_pass`) VALUES ('12', 'Lưu Đức Hải', 'hailuu123asd@gmail.com', '2001-12-12', '1', '1', 'hailuuu12', '12345678');
INSERT INTO `csdl_movie`.`customer` (`ctm_id`, `ctm_name`, `ctm_email`, `ctm_status`, `ctm_lever`, `ctm_account`, `ctm_pass`) VALUES ('13', 'Nguyễn Văn Kiên', 'kiennguyen@gmail.com', '1', '1', 'kiennguyen123', '12345678');
INSERT INTO `csdl_movie`.`customer` (`ctm_id`, `ctm_name`, `ctm_email`, `ctm_brithday`, `ctm_status`, `ctm_lever`, `ctm_account`, `ctm_pass`) VALUES ('14', 'Trần Thị Thu Trang', 'trantttrang@gmail.com', '1999-12-06', '1', '1', 'thutrang1234', '12345678');
INSERT INTO `csdl_movie`.`customer` (`ctm_id`, `ctm_name`, `ctm_email`, `ctm_status`, `ctm_lever`, `ctm_account`, `ctm_pass`) VALUES ('15', 'Tạ Văn Đồng', 'tavadong@gmail.com', '1', '1', 'dongg112323', '12345678');
INSERT INTO `csdl_movie`.`customer` (`ctm_id`, `ctm_name`, `ctm_email`, `ctm_brithday`, `ctm_status`, `ctm_lever`, `ctm_account`, `ctm_pass`) VALUES ('16', 'Nguyễn Viết Quân', 'quannguyen@gmail.com', '2001-05-03', '1', '1', 'vietquan', '12345678');
INSERT INTO `csdl_movie`.`customer` (`ctm_id`, `ctm_name`, `ctm_email`, `ctm_brithday`, `ctm_status`, `ctm_lever`, `ctm_account`, `ctm_pass`) VALUES ('17', 'Tạ Hồng Nhung', 'hongnhung@gmail.com', '2000-12-23', '1', '1', 'hongnhunh', '12345678');
INSERT INTO `csdl_movie`.`customer` (`ctm_id`, `ctm_name`, `ctm_email`, `ctm_status`, `ctm_lever`, `ctm_account`, `ctm_pass`) VALUES ('18', 'Hoàng Thị Thúy', 'haongthithuy112@gmail.com', '1', '1', 'hoangthithuy', '12345678');
INSERT INTO `csdl_movie`.`customer` (`ctm_id`, `ctm_name`, `ctm_email`, `ctm_brithday`, `ctm_status`, `ctm_lever`, `ctm_account`, `ctm_pass`) VALUES ('19', 'Nguyễn Hải Anh', 'haianh1123@gmail.com', '1997-12-21', '1', '1', 'haianhhh', '12345678');
INSERT INTO `csdl_movie`.`customer` (`ctm_id`, `ctm_name`, `ctm_email`, `ctm_brithday`, `ctm_status`, `ctm_lever`, `ctm_account`, `ctm_pass`) VALUES ('20', 'Vũ Thị Quỳnh Trang', 'quynhtrang1178@gmail.com', '1997-07-13', '1', '1', 'quynhtranhh1', '12345678');
INSERT INTO `csdl_movie`.`customer` (`ctm_id`, `ctm_name`, `ctm_email`, `ctm_brithday`, `ctm_status`, `ctm_lever`, `ctm_account`, `ctm_pass`) VALUES ('21', 'Hoàng Ngọc Anh', 'ngocanhh2302@gmail.com', '2002-03-12', '1', '1', 'ngocanhhh1221', '12345678');




-- insert movie
INSERT INTO `csdl_movie`.`movie` (`movie_id`, `movie_name`, `movie_directors`, `movie_year`, `movie_premiereDay`, `movie_coverImage`, `movie_Certificate`) VALUES ('1', 'TIỆC TRĂNG MÁU', 'Nguyễn Quang Dũng', '2018', '2020-08-28', 'https://galaxycine.vn/media/2020/6/22/ttm-teaser-poster_1592795414419.jpg', '');
UPDATE `csdl_movie`.`movie` SET `movie_Certificate` = 'chua cong chieu' WHERE (`movie_id` = '1');
INSERT INTO `csdl_movie`.`movie` (`movie_id`, `movie_name`, `movie_directors`, `movie_year`, `movie_coverImage`, `movie_Certificate`) VALUES ('2', 'LƯU LY', 'Doãn Đào', '2020', 'http://image.phimmoizz.net/film/11307/poster.medium.jpg', 'da cong chieu');
INSERT INTO `csdl_movie`.`movie` (`movie_id`, `movie_name`, `movie_directors`, `movie_year`, `movie_premiereDay`, `movie_coverImage`, `movie_Certificate`) VALUES ('3', 'ĐẶC VỤ NGẦM', 'Adrian Bol', '2020', '2020-07-28', 'http://image.phimmoizz.net/film/11287/poster.medium.jpg', 'da cong chieu');
INSERT INTO `csdl_movie`.`movie` (`movie_id`, `movie_name`, `movie_directors`, `movie_year`, `movie_coverImage`, `movie_Certificate`) VALUES ('4', 'ĐẠI HIỆP KHÁCH NGYÊN GIÁP', 'Bách Sam', '2020', 'http://image.phimmoizz.net/film/11274/poster.medium.jpg', 'da cong chieu');
INSERT INTO `csdl_movie`.`movie` (`movie_id`, `movie_name`, `movie_year`, `movie_premiereDay`, `movie_coverImage`, `movie_Certificate`) VALUES ('5', 'BORUTO: NAROTO THẾ HỆ KẾ TIẾP', '2017', '2017-04-05', 'http://image.phimmoizz.net/film/4997/poster.medium.jpg', 'da cong chieu');

ALTER TABLE `csdl_movie`.`movie` 
DROP COLUMN `movie_cast`;

INSERT INTO `csdl_movie`.`movie` (`movie_id`, `movie_name`, `movie_directors`, `movie_year`, `movie_premiereDay`, `movie_coverImage`, `movie_Certificate`) VALUES ('6', 'ĐÓA HOA ÁC MA', 'Kim Cheol-Kyu', '2020', '2020-07-27', 'http://image.phimmoizz.net/film/11176/poster.medium.jpg', 'da cong chieu');
INSERT INTO `csdl_movie`.`movie` (`movie_id`, `movie_name`, `movie_directors`, `movie_year`, `movie_premiereDay`, `movie_coverImage`, `movie_Certificate`) VALUES ('7', 'CĂN PHÒNG ĐẪM MÁU', 'Yoon Een-Kyoung', '2020', '2020-04-29', 'http://image.phimmoizz.net/film/11282/poster.medium.jpg', 'da cong chieu');
INSERT INTO `csdl_movie`.`movie` (`movie_id`, `movie_name`, `movie_directors`, `movie_year`, `movie_coverImage`, `movie_Certificate`) VALUES ('8', 'NA TRA HÀN YÊU KÝ', 'Cao Tiến Minh', '2020', 'http://image.phimmoizz.net/film/11110/poster.medium.jpg', 'da cong chieu');
INSERT INTO `csdl_movie`.`movie` (`movie_id`, `movie_name`, `movie_directors`, `movie_year`, `movie_premiereDay`, `movie_coverImage`, `movie_Certificate`) VALUES ('9', 'THỜI KỲ PHIẾN LOẠN', 'Hong-sun Kim', '2017', '2017-11-14', 'http://image.phimmoizz.net/film/11331/poster.medium.jpg', 'da cong chieu');
INSERT INTO `csdl_movie`.`movie` (`movie_id`, `movie_name`, `movie_year`, `movie_premiereDay`, `movie_coverImage`, `movie_Certificate`) VALUES ('10', 'ĐẠO MỘ BÚT KÝ 3: TRÙNG KHỞI', '2020', '2020-07-15', 'http://image.phimmoizz.net/film/9152/poster.medium.jpg', 'da cong chieu');
INSERT INTO `csdl_movie`.`movie` (`movie_id`, `movie_name`, `movie_year`, `movie_coverImage`, `movie_Certificate`) VALUES ('11', 'DÂN GIAN KỲ DỊCH CHÍ', '2020', 'http://image.phimmoizz.net/film/10945/poster.medium.jpg', 'da cong chieu');
INSERT INTO `csdl_movie`.`movie` (`movie_id`, `movie_name`, `movie_directors`, `movie_year`, `movie_coverImage`, `movie_Certificate`) VALUES ('12', 'QUYẾT  KHÔNG KHUẤT PHỤC', 'Chu Hiển Dương', '2020', 'http://image.phimmoizz.net/film/11197/poster.medium.jpg', 'da cong chieu');
INSERT INTO `csdl_movie`.`movie` (`movie_id`, `movie_name`, `movie_directors`, `movie_year`, `movie_premiereDay`, `movie_coverImage`, `movie_Certificate`) VALUES ('13', 'THÀNH TROY SỤP ĐỔ (PHẦN 1)', 'David Farr', '2018', '2018-02-17', 'http://image.phimmoizz.net/film/11327/poster.medium.jpg', 'da cong chieu');
INSERT INTO `csdl_movie`.`movie` (`movie_id`, `movie_name`, `movie_year`, `movie_coverImage`, `movie_Certificate`) VALUES ('14', 'HÀN LONG ĐẠI SƯ: TRÓC YÊU BẢNG', '2020', 'http://image.phimmoizz.net/film/11068/poster.medium.jpg', 'da cong chieu');
INSERT INTO `csdl_movie`.`movie` (`movie_id`, `movie_name`, `movie_directors`, `movie_year`, `movie_premiereDay`, `movie_coverImage`, `movie_Certificate`) VALUES ('15', 'CHIẾC LA BÀN VÀNG', 'Chris Weitz', '2007', '2017-12-05', 'http://image.phimmoizz.net/film/6185/poster.medium.jpg', 'da cong chieu');
INSERT INTO `csdl_movie`.`movie` (`movie_id`, `movie_name`, `movie_directors`, `movie_year`, `movie_premiereDay`, `movie_coverImage`, `movie_Certificate`) VALUES ('16', 'HÀ THẦN 2', 'Điền Lý', '2020', '2020-07-06', 'http://image.phimmoizz.net/film/8994/poster.medium.jpg', 'da cong chiue');
INSERT INTO `csdl_movie`.`movie` (`movie_id`, `movie_name`, `movie_directors`, `movie_year`, `movie_premiereDay`, `movie_coverImage`, `movie_Certificate`) VALUES ('17', 'NGƯỜI SẮT 3', 'Shane Black', '2013', '2013-04-24', 'http://image.phimmoizz.net/film/2/poster.medium.jpg', 'da cong chieu');
INSERT INTO `csdl_movie`.`movie` (`movie_id`, `movie_name`, `movie_directors`, `movie_year`, `movie_premiereDay`, `movie_coverImage`, `movie_Certificate`) VALUES ('18', 'NGƯỜI NHỆN: VỀ NHÀ', 'Jon Watts', '2017', '2017-07-07', 'http://image.phimmoizz.net/film/4640/poster.medium.jpg', 'da cong chieu');
INSERT INTO `csdl_movie`.`movie` (`movie_id`, `movie_name`, `movie_directors`, `movie_year`, `movie_premiereDay`, `movie_coverImage`, `movie_Certificate`) VALUES ('19', 'ĐẠI CHIẾN THÁI BÌNH DƯƠNG', 'Guillermo Del Toro', '2013', '2013-07-11', 'http://image.phimmoizz.net/film/1/poster.medium.jpg', 'da cong chieu');
INSERT INTO `csdl_movie`.`movie` (`movie_id`, `movie_name`, `movie_directors`, `movie_year`, `movie_coverImage`, `movie_Certificate`) VALUES ('20', '12 CON GIÁP', 'Thành Long', '2013', 'http://image.phimmoizz.net/film/3/poster.medium.jpg', 'da cong chieu');
INSERT INTO `csdl_movie`.`movie` (`movie_id`, `movie_name`, `movie_year`, `movie_premiereDay`, `movie_coverImage`, `movie_Certificate`) VALUES ('21', 'CAPTAIN AMERICA 3: NỘI CHIẾN SIÊU ANH HÙNG', '2016', '2016-04-27', 'http://image.phimmoizz.net/film/3086/poster.medium.jpg', 'da cong chieu');
INSERT INTO `csdl_movie`.`movie` (`movie_id`, `movie_name`, `movie_directors`, `movie_year`, `movie_premiereDay`, `movie_coverImage`, `movie_Certificate`) VALUES ('22', 'POKEMON (PHẦN 2)', 'Kunihiko Yuyama', '1997', '1997-04-01', 'http://image.phimmoizz.net/film/2504/poster.medium.jpg', 'da cong chieu');
INSERT INTO `csdl_movie`.`movie` (`movie_id`, `movie_name`, `movie_directors`, `movie_year`, `movie_coverImage`, `movie_Certificate`) VALUES ('23', 'ĐẢO HẢI TẶC', 'Eiichiro Oda', '1999', 'http://image.phimmoizz.net/film/665/poster.medium.jpg', 'da cong chieu');
INSERT INTO `csdl_movie`.`movie` (`movie_id`, `movie_name`, `movie_directors`, `movie_year`, `movie_coverImage`, `movie_Certificate`) VALUES ('24', 'CẨM TÚ NAM CA', 'Lý Tuệ Châu', '2020', 'http://image.phimmoizz.net/film/11166/poster.medium.jpg', 'da cong chieu');
INSERT INTO `csdl_movie`.`movie` (`movie_id`, `movie_name`, `movie_year`, `movie_coverImage`, `movie_Certificate`) VALUES ('25', 'ĐẠI ĐƯỜNG VINH NHUỆ', '2017', 'http://image.phimmoizz.net/film/5125/poster.medium.jpg', 'da cong chieu');
UPDATE `csdl_movie`.`movie` SET `movie_name` = 'GÃ HỀ', `movie_directors` = 'Todd Phillips', `movie_year` = '2019', `movie_premiereDay` = '2019-10-01', `movie_coverImage` = 'http://image.phimmoizz.net/film/8592/poster.medium.jpg', `movie_Certificate` = 'da cong chieu' WHERE (`movie_id` = '1');



-- insert sources
INSERT INTO `csdl_movie`.`sources` (`sc_id`, `sc_episode`, `sc_url`, `movie_id`) VALUES ('1','0','https://www.youtube.com/results?search_query=ti%E1%BB%87c+tr%C4%83ng+m%C3%A1u', '1');
INSERT INTO `csdl_movie`.`sources` (`sc_id`, `sc_episode`, `sc_url`, `movie_id`) VALUES ('2', '59', 'http://www.phimmoizz.net/phim/luu-ly-11307/', '2');
INSERT INTO `csdl_movie`.`sources` (`sc_id`, `sc_episode`, `sc_url`, `movie_id`) VALUES ('3', '0', 'http://www.phimmoizz.net/phim/dac-vu-ngam-11287/', '3');
INSERT INTO `csdl_movie`.`sources` (`sc_id`, `sc_episode`, `sc_url`, `movie_id`) VALUES ('4', '45', 'http://www.phimmoizz.net/phim/dai-hiep-hoac-nguyen-giap-11274/', '4');
INSERT INTO `csdl_movie`.`sources` (`sc_id`, `sc_episode`, `sc_url`, `movie_id`) VALUES ('5', '160', 'http://www.phimmoizz.net/phim/boruto-naruto-the-he-ke-tiep-i18-4997/', '5');
INSERT INTO `csdl_movie`.`sources` (`sc_id`, `sc_episode`, `sc_url`, `movie_id`) VALUES ('6', '5', 'http://www.phimmoizz.net/phim/doa-hoa-ac-ma-11176/', '6');
INSERT INTO `csdl_movie`.`sources` (`sc_id`, `sc_episode`, `sc_url`, `movie_id`) VALUES ('7', '0', 'http://www.phimmoizz.net/phim/can-phong-dam-mau-11282/', '7');
INSERT INTO `csdl_movie`.`sources` (`sc_id`, `sc_episode`, `sc_url`, `movie_id`) VALUES ('8', '46', 'http://www.phimmoizz.net/phim/na-tra-hang-yeu-ky-11110/', '8');
INSERT INTO `csdl_movie`.`sources` (`sc_id`, `sc_episode`, `sc_url`, `movie_id`) VALUES ('9', '0', 'http://www.phimmoizz.net/phim/thoi-ky-phien-loan-11331/', '9');
INSERT INTO `csdl_movie`.`sources` (`sc_id`, `sc_episode`, `sc_url`, `movie_id`) VALUES ('10', '0', 'http://www.phimmoizz.net/phim/dao-mo-but-ky-3-trung-khoi-9152/', '10');
INSERT INTO `csdl_movie`.`sources` (`sc_id`, `sc_episode`, `sc_url`, `movie_id`) VALUES ('11', '0', 'http://www.phimmoizz.net/phim/dan-gian-ky-di-chi-10945/', '11');
INSERT INTO `csdl_movie`.`sources` (`sc_id`, `sc_episode`, `sc_url`, `movie_id`) VALUES ('12', '0', 'http://www.phimmoizz.net/phim/quyet-khong-khuat-phuc-11197/', '12');
INSERT INTO `csdl_movie`.`sources` (`sc_id`, `sc_episode`, `sc_url`, `movie_id`) VALUES ('13', '0', 'http://www.phimmoizz.net/phim/thanh-troy-sup-do-phan-1-11327/', '13');
INSERT INTO `csdl_movie`.`sources` (`sc_id`, `sc_episode`, `sc_url`, `movie_id`) VALUES ('14', '0', 'http://www.phimmoizz.net/phim/hang-long-dai-su-2-troc-yeu-bang-11068/', '14');
INSERT INTO `csdl_movie`.`sources` (`sc_id`, `sc_episode`, `sc_url`, `movie_id`) VALUES ('15', '0', 'http://www.phimmoizz.net/phim/chiec-la-ban-vang-6185/', '15');
INSERT INTO `csdl_movie`.`sources` (`sc_id`, `sc_episode`, `sc_url`, `movie_id`) VALUES ('16', '24', 'http://www.phimmoizz.net/phim/ha-than-2-8994/', '16');
INSERT INTO `csdl_movie`.`sources` (`sc_id`, `sc_episode`, `sc_url`, `movie_id`) VALUES ('17', '0', 'http://www.phimmoizz.net/phim/nguoi-sat-3-i8-2/', '17');
INSERT INTO `csdl_movie`.`sources` (`sc_id`, `sc_episode`, `sc_url`, `movie_id`) VALUES ('18', '0', 'http://www.phimmoizz.net/phim/nguoi-nhen-tro-ve-nha-i14-4640/', '18');
INSERT INTO `csdl_movie`.`sources` (`sc_id`, `sc_episode`, `sc_url`, `movie_id`) VALUES ('19', '0', 'http://www.phimmoizz.net/phim/sieu-dai-chien-thai-binh-duong-i3-1/', '19');
INSERT INTO `csdl_movie`.`sources` (`sc_id`, `sc_episode`, `sc_url`, `movie_id`) VALUES ('20', '0', 'http://www.phimmoizz.net/phim/12-con-giap-i1-3/', '20');
INSERT INTO `csdl_movie`.`sources` (`sc_id`, `sc_episode`, `sc_url`, `movie_id`) VALUES ('21', '0', 'http://www.phimmoizz.net/phim/captain-america-3-civil-war-i8-3086/', '21');
INSERT INTO `csdl_movie`.`sources` (`sc_id`, `sc_episode`, `sc_url`, `movie_id`) VALUES ('22', '1121', 'http://www.phimmoizz.net/phim/pokemon-phan-2-i12-2504/', '22');
INSERT INTO `csdl_movie`.`sources` (`sc_id`, `sc_episode`, `sc_url`, `movie_id`) VALUES ('23', '936', 'http://www.phimmoizz.net/phim/dao-hai-tac-i0-665/', '23');
INSERT INTO `csdl_movie`.`sources` (`sc_id`, `sc_episode`, `sc_url`, `movie_id`) VALUES ('24', '53', 'http://www.phimmoizz.net/phim/cam-tu-nam-ca-11166/', '24');
INSERT INTO `csdl_movie`.`sources` (`sc_id`, `sc_episode`, `sc_url`, `movie_id`) VALUES ('25', '32', 'http://www.phimmoizz.net/phim/dai-duong-vinh-dieu-2-5125/', '25');
INSERT INTO `csdl_movie`.`sources` (`sc_episode`, `sc_url`, `movie_id`) VALUES ('1', 'https://anime47.com/xem-phim-boruto-naruto-next-generations-ep-001/147194.html', '5');
INSERT INTO `csdl_movie`.`sources` (`sc_episode`, `sc_url`, `movie_id`) VALUES ('2', 'https://anime47.com/xem-phim-boruto-naruto-next-generations-ep-002/147195.html', '5');
UPDATE `csdl_movie`.`sources` SET `sc_url` = 'http://www.phimmoizz.net/phim/ga-he-i2-8592/' WHERE (`sc_id` = '1');



-- insert tag
INSERT INTO `csdl_movie`.`tag` (`tag_id`, `tag_name`) VALUES ('1', 'Phim Hành Động');
INSERT INTO `csdl_movie`.`tag` (`tag_id`, `tag_name`) VALUES ('2', 'Phim Cổ Trang');
INSERT INTO `csdl_movie`.`tag` (`tag_id`, `tag_name`) VALUES ('3', 'Phim Kinh Dị');
INSERT INTO `csdl_movie`.`tag` (`tag_id`, `tag_name`) VALUES ('4', 'Phim Khoa Học-Viễn Tưởng');
INSERT INTO `csdl_movie`.`tag` (`tag_id`, `tag_name`) VALUES ('5', 'Phim Hài Hước');
INSERT INTO `csdl_movie`.`tag` (`tag_id`, `tag_name`) VALUES ('6', 'Phim Võ Thuận');
INSERT INTO `csdl_movie`.`tag` (`tag_id`, `tag_name`) VALUES ('7', 'Phim Chiến Tranh');
INSERT INTO `csdl_movie`.`tag` (`tag_id`, `tag_name`) VALUES ('8', 'Phim Hình Sự');
INSERT INTO `csdl_movie`.`tag` (`tag_id`, `tag_name`) VALUES ('9', 'Phim chính kịch - drama');
INSERT INTO `csdl_movie`.`tag` (`tag_id`, `tag_name`) VALUES ('10', 'Phim thể thao-âm nhạc');
INSERT INTO `csdl_movie`.`tag` (`tag_id`, `tag_name`) VALUES ('11', 'Phim tâm lý');
INSERT INTO `csdl_movie`.`tag` (`tag_id`, `tag_name`) VALUES ('12', 'Phim gia đình');
UPDATE `csdl_movie`.`tag` SET `tag_name` = 'Phim chiến tranh' WHERE (`tag_id` = '7');
UPDATE `csdl_movie`.`tag` SET `tag_name` = 'Phim hình sự' WHERE (`tag_id` = '8');
INSERT INTO `csdl_movie`.`tag` (`tag_id`, `tag_name`) VALUES ('13', 'Phim hồi hộp-Gay cấn');
INSERT INTO `csdl_movie`.`tag` (`tag_id`, `tag_name`) VALUES ('14', 'Phim tài liệu');
INSERT INTO `csdl_movie`.`tag` (`tag_id`, `tag_name`) VALUES ('15', 'Phim hoạt hình');
INSERT INTO `csdl_movie`.`tag` (`tag_id`, `tag_name`) VALUES ('16', 'Phim bí ẩn-Siêu nhiên');
INSERT INTO `csdl_movie`.`tag` (`tag_id`, `tag_name`) VALUES ('17', 'Phim tình cảm-Lãng mạng');
INSERT INTO `csdl_movie`.`tag` (`tag_id`, `tag_name`) VALUES ('18', 'Phim phiêu lưu');
INSERT INTO `csdl_movie`.`tag` (`tag_id`, `tag_name`) VALUES ('19', 'Phim thần thoại');
UPDATE `csdl_movie`.`tag` SET `tag_name` = 'Phim hành động' WHERE (`tag_id` = '1');
UPDATE `csdl_movie`.`tag` SET `tag_name` = 'Phim cổ trang' WHERE (`tag_id` = '2');
UPDATE `csdl_movie`.`tag` SET `tag_name` = 'Phim linh dị' WHERE (`tag_id` = '3');
UPDATE `csdl_movie`.`tag` SET `tag_name` = 'Phim khoa học-Viễn tưởng' WHERE (`tag_id` = '4');
UPDATE `csdl_movie`.`tag` SET `tag_name` = 'Phim hài hước' WHERE (`tag_id` = '5');
UPDATE `csdl_movie`.`tag` SET `tag_name` = 'Phim võ thuận' WHERE (`tag_id` = '6');
INSERT INTO `csdl_movie`.`tag` (`tag_id`, `tag_name`) VALUES ('20', 'Phim bộ');
INSERT INTO `csdl_movie`.`tag` (`tag_id`, `tag_name`) VALUES ('21', 'Phim lẻ');
INSERT INTO `csdl_movie`.`tag` (`tag_id`, `tag_name`) VALUES ('22', 'Phim chiếu rạp');
UPDATE `csdl_movie`.`tag` SET `tag_name` = 'Phim kinh dị' WHERE (`tag_id` = '3');




-- insert contry
INSERT INTO `csdl_movie`.`contry` (`contry_id`, `contry_name`) VALUES ('1', 'VietNam');
INSERT INTO `csdl_movie`.`contry` (`contry_id`, `contry_name`) VALUES ('2', 'China');
INSERT INTO `csdl_movie`.`contry` (`contry_id`, `contry_name`) VALUES ('3', 'HongKong');
INSERT INTO `csdl_movie`.`contry` (`contry_id`, `contry_name`) VALUES ('4', 'Japan');
INSERT INTO `csdl_movie`.`contry` (`contry_id`, `contry_name`) VALUES ('5', 'USA');
INSERT INTO `csdl_movie`.`contry` (`contry_id`, `contry_name`) VALUES ('6', 'France');
INSERT INTO `csdl_movie`.`contry` (`contry_id`, `contry_name`) VALUES ('7', 'Canada');
INSERT INTO `csdl_movie`.`contry` (`contry_id`, `contry_name`) VALUES ('8', 'English');
INSERT INTO `csdl_movie`.`contry` (`contry_id`, `contry_name`) VALUES ('9', 'Korea');
INSERT INTO `csdl_movie`.`contry` (`contry_id`, `contry_name`) VALUES ('10', 'Other countries');


-- insert tagClassiFication
INSERT INTO `csdl_movie`.`tagclassification` (`id`, `tag_id`, `movie_id`) VALUES ('1', '8', '1');
INSERT INTO `csdl_movie`.`tagclassification` (`id`, `tag_id`, `movie_id`) VALUES ('2', '13', '1');
INSERT INTO `csdl_movie`.`tagclassification` (`id`, `tag_id`, `movie_id`) VALUES ('3', '9', '1');
INSERT INTO `csdl_movie`.`tagclassification` (`id`, `tag_id`, `movie_id`) VALUES ('4', '20', '1');
INSERT INTO `csdl_movie`.`tagclassification` (`id`, `tag_id`, `movie_id`) VALUES ('5', '21', '1');
INSERT INTO `csdl_movie`.`tagclassification` (`id`, `tag_id`, `movie_id`) VALUES ('6', '4', '2');
INSERT INTO `csdl_movie`.`tagclassification` (`id`, `tag_id`, `movie_id`) VALUES ('7', '6', '2');
INSERT INTO `csdl_movie`.`tagclassification` (`id`, `tag_id`, `movie_id`) VALUES ('8', '17', '2');
INSERT INTO `csdl_movie`.`tagclassification` (`id`, `tag_id`, `movie_id`) VALUES ('9', '20', '2');
INSERT INTO `csdl_movie`.`tagclassification` (`id`, `tag_id`, `movie_id`) VALUES ('10', '1', '3');
INSERT INTO `csdl_movie`.`tagclassification` (`id`, `tag_id`, `movie_id`) VALUES ('11', '13', '3');
INSERT INTO `csdl_movie`.`tagclassification` (`id`, `tag_id`, `movie_id`) VALUES ('12', '21', '3');
INSERT INTO `csdl_movie`.`tagclassification` (`id`, `tag_id`, `movie_id`) VALUES ('13', '1', '4');
INSERT INTO `csdl_movie`.`tagclassification` (`id`, `tag_id`, `movie_id`) VALUES ('14', '2', '4');
INSERT INTO `csdl_movie`.`tagclassification` (`id`, `tag_id`, `movie_id`) VALUES ('15', '6', '4');
INSERT INTO `csdl_movie`.`tagclassification` (`id`, `tag_id`, `movie_id`) VALUES ('16', '18', '4');
INSERT INTO `csdl_movie`.`tagclassification` (`id`, `tag_id`, `movie_id`) VALUES ('17', '20', '4');
INSERT INTO `csdl_movie`.`tagclassification` (`id`, `tag_id`, `movie_id`) VALUES ('18', '1', '5');
INSERT INTO `csdl_movie`.`tagclassification` (`id`, `tag_id`, `movie_id`) VALUES ('19', '5', '5');
INSERT INTO `csdl_movie`.`tagclassification` (`id`, `tag_id`, `movie_id`) VALUES ('20', '15', '5');
INSERT INTO `csdl_movie`.`tagclassification` (`id`, `tag_id`, `movie_id`) VALUES ('21', '18', '5');
INSERT INTO `csdl_movie`.`tagclassification` (`id`, `tag_id`, `movie_id`) VALUES ('22', '20', '5');
INSERT INTO `csdl_movie`.`tagclassification` (`id`, `tag_id`, `movie_id`) VALUES ('23', '8', '6');
INSERT INTO `csdl_movie`.`tagclassification` (`id`, `tag_id`, `movie_id`) VALUES ('24', '13', '6');
INSERT INTO `csdl_movie`.`tagclassification` (`id`, `tag_id`, `movie_id`) VALUES ('25', '17', '6');
INSERT INTO `csdl_movie`.`tagclassification` (`id`, `tag_id`, `movie_id`) VALUES ('26', '20', '6');
INSERT INTO `csdl_movie`.`tagclassification` (`id`, `tag_id`, `movie_id`) VALUES ('27', '3', '7');
INSERT INTO `csdl_movie`.`tagclassification` (`id`, `tag_id`, `movie_id`) VALUES ('28', '8', '7');
INSERT INTO `csdl_movie`.`tagclassification` (`id`, `tag_id`, `movie_id`) VALUES ('29', '21', '7');
INSERT INTO `csdl_movie`.`tagclassification` (`id`, `tag_id`, `movie_id`) VALUES ('30', '2', '8');
INSERT INTO `csdl_movie`.`tagclassification` (`id`, `tag_id`, `movie_id`) VALUES ('31', '4', '8');
INSERT INTO `csdl_movie`.`tagclassification` (`id`, `tag_id`, `movie_id`) VALUES ('32', '6', '8');
INSERT INTO `csdl_movie`.`tagclassification` (`id`, `tag_id`, `movie_id`) VALUES ('33', '18', '8');
INSERT INTO `csdl_movie`.`tagclassification` (`id`, `tag_id`, `movie_id`) VALUES ('34', '19', '8');
INSERT INTO `csdl_movie`.`tagclassification` (`id`, `tag_id`, `movie_id`) VALUES ('35', '20', '8');
INSERT INTO `csdl_movie`.`tagclassification` (`id`, `tag_id`, `movie_id`) VALUES ('36', '1', '9');
INSERT INTO `csdl_movie`.`tagclassification` (`id`, `tag_id`, `movie_id`) VALUES ('37', '2', '9');
INSERT INTO `csdl_movie`.`tagclassification` (`id`, `tag_id`, `movie_id`) VALUES ('38', '21', '9');
INSERT INTO `csdl_movie`.`tagclassification` (`id`, `tag_id`, `movie_id`) VALUES ('39', '1', '10');
INSERT INTO `csdl_movie`.`tagclassification` (`id`, `tag_id`, `movie_id`) VALUES ('40', '3', '10');
INSERT INTO `csdl_movie`.`tagclassification` (`id`, `tag_id`, `movie_id`) VALUES ('41', '18', '10');
INSERT INTO `csdl_movie`.`tagclassification` (`id`, `tag_id`, `movie_id`) VALUES ('42', '20', '10');
INSERT INTO `csdl_movie`.`tagclassification` (`id`, `tag_id`, `movie_id`) VALUES ('43', '2', '11');
INSERT INTO `csdl_movie`.`tagclassification` (`id`, `tag_id`, `movie_id`) VALUES ('44', '18', '11');
INSERT INTO `csdl_movie`.`tagclassification` (`id`, `tag_id`, `movie_id`) VALUES ('45', '19', '11');
INSERT INTO `csdl_movie`.`tagclassification` (`id`, `tag_id`, `movie_id`) VALUES ('46', '21', '11');
INSERT INTO `csdl_movie`.`tagclassification` (`id`, `tag_id`, `movie_id`) VALUES ('47', '1', '12');
INSERT INTO `csdl_movie`.`tagclassification` (`id`, `tag_id`, `movie_id`) VALUES ('48', '6', '12');
INSERT INTO `csdl_movie`.`tagclassification` (`id`, `tag_id`, `movie_id`) VALUES ('49', '17', '12');
INSERT INTO `csdl_movie`.`tagclassification` (`id`, `tag_id`, `movie_id`) VALUES ('50', '21', '12');
INSERT INTO `csdl_movie`.`tagclassification` (`id`, `tag_id`, `movie_id`) VALUES ('51', '1', '13');
INSERT INTO `csdl_movie`.`tagclassification` (`id`, `tag_id`, `movie_id`) VALUES ('52', '7', '13');
INSERT INTO `csdl_movie`.`tagclassification` (`id`, `tag_id`, `movie_id`) VALUES ('53', '17', '13');
INSERT INTO `csdl_movie`.`tagclassification` (`id`, `tag_id`, `movie_id`) VALUES ('54', '18', '13');
INSERT INTO `csdl_movie`.`tagclassification` (`id`, `tag_id`, `movie_id`) VALUES ('55', '20', '13');
INSERT INTO `csdl_movie`.`tagclassification` (`id`, `tag_id`, `movie_id`) VALUES ('56', '2', '14');
INSERT INTO `csdl_movie`.`tagclassification` (`id`, `tag_id`, `movie_id`) VALUES ('57', '6', '14');
INSERT INTO `csdl_movie`.`tagclassification` (`id`, `tag_id`, `movie_id`) VALUES ('58', '21', '14');
INSERT INTO `csdl_movie`.`tagclassification` (`id`, `tag_id`, `movie_id`) VALUES ('59', '4', '15');
INSERT INTO `csdl_movie`.`tagclassification` (`id`, `tag_id`, `movie_id`) VALUES ('60', '18', '15');
INSERT INTO `csdl_movie`.`tagclassification` (`id`, `tag_id`, `movie_id`) VALUES ('61', '21', '15');
INSERT INTO `csdl_movie`.`tagclassification` (`id`, `tag_id`, `movie_id`) VALUES ('62', '1', '16');
INSERT INTO `csdl_movie`.`tagclassification` (`id`, `tag_id`, `movie_id`) VALUES ('63', '8', '16');
INSERT INTO `csdl_movie`.`tagclassification` (`id`, `tag_id`, `movie_id`) VALUES ('64', '20', '16');
INSERT INTO `csdl_movie`.`tagclassification` (`id`, `tag_id`, `movie_id`) VALUES ('65', '1', '17');
INSERT INTO `csdl_movie`.`tagclassification` (`id`, `tag_id`, `movie_id`) VALUES ('67', '4', '17');
INSERT INTO `csdl_movie`.`tagclassification` (`id`, `tag_id`, `movie_id`) VALUES ('68', '18', '17');
INSERT INTO `csdl_movie`.`tagclassification` (`id`, `tag_id`, `movie_id`) VALUES ('69', '21', '17');
INSERT INTO `csdl_movie`.`tagclassification` (`id`, `tag_id`, `movie_id`) VALUES ('70', '22', '17');
INSERT INTO `csdl_movie`.`tagclassification` (`id`, `tag_id`, `movie_id`) VALUES ('71', '1', '18');
INSERT INTO `csdl_movie`.`tagclassification` (`id`, `tag_id`, `movie_id`) VALUES ('72', '4', '18');
INSERT INTO `csdl_movie`.`tagclassification` (`id`, `tag_id`, `movie_id`) VALUES ('73', '18', '18');
INSERT INTO `csdl_movie`.`tagclassification` (`id`, `tag_id`, `movie_id`) VALUES ('74', '21', '18');
INSERT INTO `csdl_movie`.`tagclassification` (`id`, `tag_id`, `movie_id`) VALUES ('75', '22', '18');
INSERT INTO `csdl_movie`.`tagclassification` (`id`, `tag_id`, `movie_id`) VALUES ('76', '1', '19');
INSERT INTO `csdl_movie`.`tagclassification` (`id`, `tag_id`, `movie_id`) VALUES ('77', '4', '19');
INSERT INTO `csdl_movie`.`tagclassification` (`id`, `tag_id`, `movie_id`) VALUES ('78', '18', '19');
INSERT INTO `csdl_movie`.`tagclassification` (`id`, `tag_id`, `movie_id`) VALUES ('79', '21', '19');
INSERT INTO `csdl_movie`.`tagclassification` (`id`, `tag_id`, `movie_id`) VALUES ('80', '22', '19');
INSERT INTO `csdl_movie`.`tagclassification` (`id`, `tag_id`, `movie_id`) VALUES ('81', '1', '20');
INSERT INTO `csdl_movie`.`tagclassification` (`id`, `tag_id`, `movie_id`) VALUES ('82', '6', '20');
INSERT INTO `csdl_movie`.`tagclassification` (`id`, `tag_id`, `movie_id`) VALUES ('83', '18', '20');
INSERT INTO `csdl_movie`.`tagclassification` (`id`, `tag_id`, `movie_id`) VALUES ('84', '21', '20');
INSERT INTO `csdl_movie`.`tagclassification` (`id`, `tag_id`, `movie_id`) VALUES ('85', '1', '21');
INSERT INTO `csdl_movie`.`tagclassification` (`id`, `tag_id`, `movie_id`) VALUES ('86', '4', '21');
INSERT INTO `csdl_movie`.`tagclassification` (`id`, `tag_id`, `movie_id`) VALUES ('87', '18', '21');
INSERT INTO `csdl_movie`.`tagclassification` (`id`, `tag_id`, `movie_id`) VALUES ('88', '21', '21');
INSERT INTO `csdl_movie`.`tagclassification` (`id`, `tag_id`, `movie_id`) VALUES ('89', '22', '21');
INSERT INTO `csdl_movie`.`tagclassification` (`id`, `tag_id`, `movie_id`) VALUES ('90', '15', '22');
INSERT INTO `csdl_movie`.`tagclassification` (`id`, `tag_id`, `movie_id`) VALUES ('91', '18', '22');
INSERT INTO `csdl_movie`.`tagclassification` (`id`, `tag_id`, `movie_id`) VALUES ('92', '21', '22');
INSERT INTO `csdl_movie`.`tagclassification` (`id`, `tag_id`, `movie_id`) VALUES ('93', '15', '23');
INSERT INTO `csdl_movie`.`tagclassification` (`id`, `tag_id`, `movie_id`) VALUES ('94', '18', '23');
INSERT INTO `csdl_movie`.`tagclassification` (`id`, `tag_id`, `movie_id`) VALUES ('95', '21', '23');
INSERT INTO `csdl_movie`.`tagclassification` (`id`, `tag_id`, `movie_id`) VALUES ('96', '1', '24');
INSERT INTO `csdl_movie`.`tagclassification` (`id`, `tag_id`, `movie_id`) VALUES ('97', '2', '24');
INSERT INTO `csdl_movie`.`tagclassification` (`id`, `tag_id`, `movie_id`) VALUES ('98', '6', '24');
INSERT INTO `csdl_movie`.`tagclassification` (`id`, `tag_id`, `movie_id`) VALUES ('99', '17', '24');
INSERT INTO `csdl_movie`.`tagclassification` (`id`, `tag_id`, `movie_id`) VALUES ('100', '20', '24');
INSERT INTO `csdl_movie`.`tagclassification` (`id`, `tag_id`, `movie_id`) VALUES ('101', '17', '25');
INSERT INTO `csdl_movie`.`tagclassification` (`id`, `tag_id`, `movie_id`) VALUES ('102', '19', '25');
INSERT INTO `csdl_movie`.`tagclassification` (`id`, `tag_id`, `movie_id`) VALUES ('103', '20', '25');


-- insert contryClassiFication
INSERT INTO `csdl_movie`.`contryclassification` (`id`, `contry_id`, `movie_id`) VALUES ('1', '5', '1');
INSERT INTO `csdl_movie`.`contryclassification` (`id`, `contry_id`, `movie_id`) VALUES ('2', '7', '1');
INSERT INTO `csdl_movie`.`contryclassification` (`id`, `contry_id`, `movie_id`) VALUES ('3', '2', '2');
INSERT INTO `csdl_movie`.`contryclassification` (`id`, `contry_id`, `movie_id`) VALUES ('4', '5', '3');
INSERT INTO `csdl_movie`.`contryclassification` (`id`, `contry_id`, `movie_id`) VALUES ('5', '8', '3');
INSERT INTO `csdl_movie`.`contryclassification` (`id`, `contry_id`, `movie_id`) VALUES ('6', '10', '3');
INSERT INTO `csdl_movie`.`contryclassification` (`id`, `contry_id`, `movie_id`) VALUES ('7', '2', '4');
INSERT INTO `csdl_movie`.`contryclassification` (`id`, `contry_id`, `movie_id`) VALUES ('8', '4', '5');
INSERT INTO `csdl_movie`.`contryclassification` (`id`, `contry_id`, `movie_id`) VALUES ('9', '9', '6');
INSERT INTO `csdl_movie`.`contryclassification` (`id`, `contry_id`, `movie_id`) VALUES ('10', '9', '7');
INSERT INTO `csdl_movie`.`contryclassification` (`id`, `contry_id`, `movie_id`) VALUES ('11', '2', '8');
INSERT INTO `csdl_movie`.`contryclassification` (`id`, `contry_id`, `movie_id`) VALUES ('12', '9', '9');
INSERT INTO `csdl_movie`.`contryclassification` (`id`, `contry_id`, `movie_id`) VALUES ('13', '2', '10');
INSERT INTO `csdl_movie`.`contryclassification` (`id`, `contry_id`, `movie_id`) VALUES ('14', '2', '11');
INSERT INTO `csdl_movie`.`contryclassification` (`id`, `contry_id`, `movie_id`) VALUES ('15', '2', '12');
INSERT INTO `csdl_movie`.`contryclassification` (`id`, `contry_id`, `movie_id`) VALUES ('16', '5', '13');
INSERT INTO `csdl_movie`.`contryclassification` (`id`, `contry_id`, `movie_id`) VALUES ('17', '8', '13');
INSERT INTO `csdl_movie`.`contryclassification` (`id`, `contry_id`, `movie_id`) VALUES ('18', '10', '13');
INSERT INTO `csdl_movie`.`contryclassification` (`id`, `contry_id`, `movie_id`) VALUES ('19', '2', '14');
INSERT INTO `csdl_movie`.`contryclassification` (`id`, `contry_id`, `movie_id`) VALUES ('20', '5', '15');
INSERT INTO `csdl_movie`.`contryclassification` (`id`, `contry_id`, `movie_id`) VALUES ('21', '8', '15');
INSERT INTO `csdl_movie`.`contryclassification` (`id`, `contry_id`, `movie_id`) VALUES ('22', '2', '16');
INSERT INTO `csdl_movie`.`contryclassification` (`id`, `contry_id`, `movie_id`) VALUES ('23', '2', '17');
INSERT INTO `csdl_movie`.`contryclassification` (`id`, `contry_id`, `movie_id`) VALUES ('24', '5', '17');
INSERT INTO `csdl_movie`.`contryclassification` (`id`, `contry_id`, `movie_id`) VALUES ('25', '5', '18');
INSERT INTO `csdl_movie`.`contryclassification` (`id`, `contry_id`, `movie_id`) VALUES ('26', '5', '19');
INSERT INTO `csdl_movie`.`contryclassification` (`id`, `contry_id`, `movie_id`) VALUES ('27', '2', '20');
INSERT INTO `csdl_movie`.`contryclassification` (`id`, `contry_id`, `movie_id`) VALUES ('28', '3', '20');
INSERT INTO `csdl_movie`.`contryclassification` (`id`, `contry_id`, `movie_id`) VALUES ('29', '5', '21');
INSERT INTO `csdl_movie`.`contryclassification` (`id`, `contry_id`, `movie_id`) VALUES ('30', '4', '22');
INSERT INTO `csdl_movie`.`contryclassification` (`id`, `contry_id`, `movie_id`) VALUES ('31', '4', '23');
INSERT INTO `csdl_movie`.`contryclassification` (`id`, `contry_id`, `movie_id`) VALUES ('32', '2', '24');
INSERT INTO `csdl_movie`.`contryclassification` (`id`, `contry_id`, `movie_id`) VALUES ('33', '2', '25');

-- insert favourite
INSERT INTO `csdl_movie`.`listoffvorites` (`ctm_id`, `movie_id`) VALUES ('1', '2');
INSERT INTO `csdl_movie`.`listoffvorites` (`ctm_id`, `movie_id`) VALUES ('1', '3');
INSERT INTO `csdl_movie`.`listoffvorites` (`ctm_id`, `movie_id`) VALUES ('1', '5');
INSERT INTO `csdl_movie`.`listoffvorites` (`ctm_id`, `movie_id`) VALUES ('2', '1');
INSERT INTO `csdl_movie`.`listoffvorites` (`ctm_id`, `movie_id`) VALUES ('2', '5');
INSERT INTO `csdl_movie`.`listoffvorites` (`ctm_id`, `movie_id`) VALUES ('2', '7');
INSERT INTO `csdl_movie`.`listoffvorites` (`ctm_id`, `movie_id`) VALUES ('2', '2');
INSERT INTO `csdl_movie`.`listoffvorites` (`ctm_id`, `movie_id`) VALUES ('2', '9');
INSERT INTO `csdl_movie`.`listoffvorites` (`ctm_id`, `movie_id`) VALUES ('2', '3');
INSERT INTO `csdl_movie`.`listoffvorites` (`ctm_id`, `movie_id`) VALUES ('5', '4');
INSERT INTO `csdl_movie`.`listoffvorites` (`ctm_id`, `movie_id`) VALUES ('5', '7');
INSERT INTO `csdl_movie`.`listoffvorites` (`ctm_id`, `movie_id`) VALUES ('5', '3');
INSERT INTO `csdl_movie`.`listoffvorites` (`ctm_id`, `movie_id`) VALUES ('5', '4');
INSERT INTO `csdl_movie`.`listoffvorites` (`ctm_id`, `movie_id`) VALUES ('5', '5');
INSERT INTO `csdl_movie`.`listoffvorites` (`ctm_id`, `movie_id`) VALUES ('1', '6');
INSERT INTO `csdl_movie`.`listoffvorites` (`ctm_id`, `movie_id`) VALUES ('1', '8');
INSERT INTO `csdl_movie`.`listoffvorites` (`ctm_id`, `movie_id`) VALUES ('1', '22');
INSERT INTO `csdl_movie`.`listoffvorites` (`ctm_id`, `movie_id`) VALUES ('11', '5');
INSERT INTO `csdl_movie`.`listoffvorites` (`ctm_id`, `movie_id`) VALUES ('4', '4');
INSERT INTO `csdl_movie`.`listoffvorites` (`ctm_id`, `movie_id`) VALUES ('4', '6');
INSERT INTO `csdl_movie`.`listoffvorites` (`ctm_id`, `movie_id`) VALUES ('4', '7');
INSERT INTO `csdl_movie`.`listoffvorites` (`ctm_id`, `movie_id`) VALUES ('4', '8');


-- insert request
INSERT INTO `csdl_movie`.`reques` (`req_id`, `req_content`, `req_status`, `ctm_id`) VALUES ('1', 'Tôi thấy hơn ít phim các bạn cập nhâp thêm nhiều phim lên!!!!', '1', '3');

-- insert about
INSERT INTO csdl_movie.aboutme (ver,notepatch) VALUES ('0.4.1', 'Add:\n- Thêm chức năng đổi mật khẩu\n Fix:\n- Sửa lại tên file\n- Sắp xếp lại các file về đúng layer');
INSERT INTO csdl_movie.aboutme (ver,notepatch) VALUES ('0.4.2', 'Add:\n- Thêm chức năng xem profile\n- Thêm chức năng cập nhập profile');
INSERT INTO csdl_movie.aboutme (ver,notepatch) VALUES ('0.4.3', 'Fix:\n- Sửa lỗi khiến việc tạo tài khoản mới không có thông tin về ngày tạo tài khoản\n- Sửa lại giao diện đăng ký\nAdd:\n- Thêm chức năng tìm kiếm phim theo tên');
INSERT INTO csdl_movie.aboutme (ver,notepatch) VALUES ('0.4.4', 'Fix:\n- Sửa lỗi khiến việc tạo tài khoản mới không có thông tin về ngày tạo tài khoản\n- Sửa lại giao diện đăng ký\n- Sửa lại giao diện thông tin tìm kiếm phim bằng tên');
INSERT INTO csdl_movie.aboutme (ver,notepatch) VALUES ('0.4.5', 'Add:\n- Thêm chức năng xem và gửi yêu cầu cho tài khoản thành viên\n- Thêm chức năng xem và trả lời yêu cầu cho tài khoản admin');
INSERT INTO csdl_movie.aboutme (ver,notepatch) VALUES ('0.4.6', 'Add:\n- Thêm chức năng quản lý thành viên cho tài khoản admin\nFix:\n- Sửa một số lỗi tồn đọng từ các phiên bản trước\nOptimal\n- Chỉnh lại giao diện chính và phụ cho đồng bộ');
INSERT INTO csdl_movie.aboutme (ver,notepatch) VALUES ('0.4.7', 'Fix:\n- Sửa lại giao diện chức năng request cho member và quản lý request cho admin\n- Sắp xếp lại Code lại theo Layer\n- Sắp xếp lại Code để dễ theo dõi sau này\n- Sửa lại một chút về thanh hiển thị thông tin khi đăng nhập thành công\n- Sửa một số lỗi còn tồn đọng ở bản trước\nAdd:\n- Thêm dòng hiển thị tên giao diện đang được sử dụng');
INSERT INTO csdl_movie.aboutme (ver,notepatch) VALUES ('0.4.8', 'Add:\n- Thêm chức năng Danh sách phim yêu thích\nFix:\n- Sửa lại UI ra thành từng phần để dễ quản lý\n- Sửa lại một số chỗ UI cho thuận mắt\n- Sửa một số lỗi');
