-- insert
USE wwdb;
INSERT INTO `wwdb`.`aboutme` (`ver`, `notepatch`) VALUES ('0.4.1', 'Add: \n- Add function to change password\nFix: \n- Modify file name\n- Rearrange files to correct layer');
INSERT INTO `wwdb`.`aboutme` (`ver`, `notepatch`) VALUES ('0.4.2', 'Add: \n- Add function to view profile\n- Add function to update profile');
INSERT INTO `wwdb`.`aboutme` (`ver`, `notepatch`) VALUES ('0.4.3', 'Fix: \n- Fixed a bug that caused the creation of a new account to have no information about the date of account creation \n- Modify the registration interface Add: \n- Add movie search function by name');
INSERT INTO `wwdb`.`aboutme` (`ver`, `notepatch`) VALUES ('0.4.4', 'Fix: \n- Fixed an issue that caused the creation of a new account to have no information about the date of account creation \n- Modify the registration interface\n- Revise the interface of movie search information by name');
INSERT INTO `wwdb`.`aboutme` (`ver`, `notepatch`) VALUES ('0.4.5', 'Add: \n- Add functionality to view and send requests for member accounts\n- Add functionality to view and reply requests to the admin account');
INSERT INTO `wwdb`.`aboutme` (`ver`, `notepatch`) VALUES ('0.4.6', 'Add: \n- Added membership management function for admin account\nFix: \n- Fix some backlog from previous versions\nOptimal\n- Adjust main and secondary interface for synchronization');
INSERT INTO `wwdb`.`aboutme` (`ver`, `notepatch`) VALUES ('0.4.7', 'Fix: \n- Fixed a bug that caused the creation of a new account to have no information about the date of account creation \n- Modify the registration interface\nAdd: \n- Add movie search function by name');
INSERT INTO `wwdb`.`aboutme` (`ver`, `notepatch`) VALUES ('0.4.8', 'Fix:\n- Revise the interface request functions for members and manage requests for the admin\n- Rearrange the Code by Layer\n- Rearrange the Code for easy follow up later\n- Fixed a little bit about the information display bar when the login is successful\n- Fixed some bugs in the previous version\nAdd:\n- Add line showing interface name being used');
INSERT INTO `wwdb`.`aboutme` (`ver`, `notepatch`) VALUES ('0.4.9', 'Add: \n- Add function List of favorite movies\nFix: \n- Revise the UI into sections for easy management \n- Fix some UI areas for your convenience \n- Fix some bugs');
INSERT INTO `wwdb`.`aboutme` (`ver`, `notepatch`) VALUES ('0.5.0', 'Fix: \n- Fix some new bugs discovered in the previous version \nChange:\n- Adjust movie search UI. Now when you select movie ID will show detailed information and a list of episodes instead of showing only movie link');
INSERT INTO `wwdb`.`aboutme` (`ver`, `notepatch`) VALUES ('0.5.1', 'Add:\n- Added the country display of the movie in the movie details display\n- Add the movie genre display in the movie details display\n- Added movie search option by genre\n- Adding the function of checking the correct email and account entry format\nChange:\n- Redo the entire UI\nFix:\n- Edit how the favorite function works (add and remove a list)\n- Fixed a bug when changing email in profile');
INSERT INTO `wwdb`.`aboutme` (`ver`, `notepatch`) VALUES ('0.5.2', 'Fix:\n- Fix some bugs\nAdd:\n- Add some Test use case');
INSERT INTO `wwdb`.`aboutme` (`ver`, `notepatch`) VALUES ('0.6.0', 'Remake Project\nChange:\n- Removed member management functionality\n- Removed request & manage request functionality\n- Optimizing and improving all remaining functions');

-- --------------------------------------------------------------------------------------------------------------

INSERT INTO `wwdb`.`accounts` (`acc_id`, `acc_username`, `acc_password`, `acc_status`, `acc_create_since`, `acc_birthdate`, `acc_email`, `acc_fullname`) VALUES ('1', 'admin1', 'long1234', '2', '2019-01-01 00:00:00', '1994-12-12', 'phagialong@gmail.com', 'Phan Gia Long');
INSERT INTO `wwdb`.`accounts` (`acc_id`, `acc_username`, `acc_password`, `acc_status`, `acc_birthdate`, `acc_email`, `acc_fullname`) VALUES ('2', 'admin2', 'loi1402', '2', '2001-02-14', 'tranloi14022001@gmail.com', 'Tran Dai Loi');
INSERT INTO `wwdb`.`accounts` (`acc_id`, `acc_username`, `acc_password`, `acc_status`, `acc_birthdate`, `acc_email`, `acc_fullname`) VALUES ('3', 'nguyenhai1221', '123456', '1', '2001-02-12', 'hainguyen@gmail.com', 'Nguyen hai');
INSERT INTO `wwdb`.`accounts` (`acc_id`, `acc_username`, `acc_password`, `acc_status`, `acc_birthdate`, `acc_email`, `acc_fullname`) VALUES ('4', 'nguyenhuong1504', '123456', '1', '2001-04-16', 'huongnguyen@gmail.com', 'nguyen huong');
INSERT INTO `wwdb`.`accounts` (`acc_id`, `acc_username`, `acc_password`, `acc_status`, `acc_birthdate`, `acc_email`, `acc_fullname`) VALUES ('5', 'hoaianh1102', '123456', '1', '1999-03-11', 'hoaianh1102@gmail.com', 'hoai anh');
INSERT INTO `wwdb`.`accounts` (`acc_id`, `acc_username`, `acc_password`, `acc_status`, `acc_birthdate`, `acc_email`, `acc_fullname`) VALUES ('6', 'kimtram270289', '123456', '1', '1989-02-27', 'hoang101996@gmail.com', 'kim tram');
INSERT INTO `wwdb`.`accounts` (`acc_id`, `acc_username`, `acc_password`, `acc_status`, `acc_birthdate`, `acc_email`, `acc_fullname`) VALUES ('7', 'phanvanhoang12', '123456', '1', '1996-10-10', 'hoangphan@gmail.com', 'phan van hoang');
INSERT INTO `wwdb`.`accounts` (`acc_id`, `acc_username`, `acc_password`, `acc_status`, `acc_birthdate`, `acc_email`, `acc_fullname`) VALUES ('8', 'yenhanggg', '123456', '1', '2003-05-12', 'hoangyenna@gmail.com', 'yan hang');
INSERT INTO `wwdb`.`accounts` (`acc_id`, `acc_username`, `acc_password`, `acc_status`, `acc_birthdate`, `acc_email`, `acc_fullname`) VALUES ('9', 'thuydunggg', '123456', '1', '2001-05-12', 'thuydung@gmail.com', 'thuy dung');
INSERT INTO `wwdb`.`accounts` (`acc_id`, `acc_username`, `acc_password`, `acc_status`, `acc_birthdate`, `acc_email`, `acc_fullname`) VALUES ('10', 'hailuuu12', '123456', '1', '2001-12-12', 'hailuu123asd@gmail.com', 'hai luu');
INSERT INTO `wwdb`.`accounts` (`acc_id`, `acc_username`, `acc_password`, `acc_status`, `acc_birthdate`, `acc_email`, `acc_fullname`) VALUES ('11', 'thutrang1234', '123456', '1', '1999-12-06', 'trantttrang@gmail.com', 'thu trang');
INSERT INTO `wwdb`.`accounts` (`acc_id`, `acc_username`, `acc_password`, `acc_status`, `acc_birthdate`, `acc_email`, `acc_fullname`) VALUES ('12', 'vietquan', '123456', '1', '2001-05-03', 'quannguyen@gmail.com', 'viet quan');
INSERT INTO `wwdb`.`accounts` (`acc_id`, `acc_username`, `acc_password`, `acc_status`, `acc_birthdate`, `acc_email`, `acc_fullname`) VALUES ('13', 'hongnhunh', '123456', '1', '2001-04-16', 'hongnhung@gmail.com', 'hong nhung');
INSERT INTO `wwdb`.`accounts` (`acc_id`, `acc_username`, `acc_password`, `acc_status`, `acc_birthdate`, `acc_email`, `acc_fullname`) VALUES ('14', 'haianhhh', '123456', '1', '2001-12-12', 'haianh1123@gmail.com', 'hai anh');
INSERT INTO `wwdb`.`accounts` (`acc_id`, `acc_username`, `acc_password`, `acc_status`, `acc_birthdate`, `acc_email`, `acc_fullname`) VALUES ('15', 'quynhtranhh1', '123456', '1', '1996-10-10', 'quynhtrang1178@gmail.com', 'quynh trang');
INSERT INTO `wwdb`.`accounts` (`acc_id`, `acc_username`, `acc_password`, `acc_status`, `acc_birthdate`, `acc_email`, `acc_fullname`) VALUES ('16', 'ngocanhhh1221', '123456', '1', '1999-12-06', 'ngocanhh2302@gmail.com', 'ngoc anh');
INSERT INTO `wwdb`.`accounts` (`acc_id`, `acc_username`, `acc_password`, `acc_status`, `acc_birthdate`, `acc_email`, `acc_fullname`) VALUES ('17', 'trannam11223', '123456', '1', '2001-12-12', 'namtran@gmail.com', 'tran nam');
INSERT INTO `wwdb`.`accounts` (`acc_id`, `acc_username`, `acc_password`, `acc_status`, `acc_birthdate`, `acc_email`, `acc_fullname`) VALUES ('18', 'kiennguyen123', '123456', '1', '1989-02-27', 'kiennguyen@gmail.com', 'nguyen kien');
INSERT INTO `wwdb`.`accounts` (`acc_id`, `acc_username`, `acc_password`, `acc_status`, `acc_birthdate`, `acc_email`, `acc_fullname`) VALUES ('19', 'dongg112323', '123456', '1', '1999-12-06', 'tavadong@gmail.com', 'ta va dong');
INSERT INTO `wwdb`.`accounts` (`acc_id`, `acc_username`, `acc_password`, `acc_status`, `acc_birthdate`, `acc_email`, `acc_fullname`) VALUES ('20', 'hoangthithuy', '123456', '1', '2003-05-12', 'haongthithuy112@gmail.com', 'hoang thi thuy');


INSERT INTO `wwdb`.`movies` (`movie_id`, `movie_name`, `movie_directors`, `movie_casts`, `movie_year`, `movie_premiereDay`, `movie_coverImage`, `movie_Certificate`) VALUES ('1', 'GA HE', 'Todd Phillips', '2019', '2019', '2019-10-01', '/8592/poster.medium.jpg', '16+');
INSERT INTO `wwdb`.`movies` (`movie_id`, `movie_name`, `movie_directors`, `movie_casts`, `movie_year`, `movie_coverImage`, `movie_Certificate`) VALUES ('2', 'LUU LY', 'DAO DAO', '2020', '2020', '/11307/poster.medium.jpg', '16+');
INSERT INTO `wwdb`.`movies` (`movie_id`, `movie_name`, `movie_directors`, `movie_casts`, `movie_year`, `movie_premiereDay`, `movie_coverImage`, `movie_Certificate`) VALUES ('3', 'DAC VU NGAM', 'Adrian Bol', '2020', '2020', '2020-07-28', '/11287/poster.medium.jpg', '16+');
INSERT INTO `wwdb`.`movies` (`movie_id`, `movie_name`, `movie_directors`, `movie_casts`, `movie_year`, `movie_coverImage`, `movie_Certificate`) VALUES ('4', 'DAI HIEP KHACH NGUYEN GIAP', 'BACH SAM', '2020', '2020', '/11274/poster.medium.jpg', '16+');
INSERT INTO `wwdb`.`movies` (`movie_id`, `movie_name`, `movie_casts`, `movie_year`, `movie_premiereDay`, `movie_coverImage`, `movie_Certificate`) VALUES ('5', 'BORUTO: NAROTO THE HE KE  TIEP', '2017', '2017', '2017-04-05', '/4997/poster.medium.jpg', '16+');
INSERT INTO `wwdb`.`movies` (`movie_id`, `movie_name`, `movie_directors`, `movie_casts`, `movie_year`, `movie_premiereDay`, `movie_coverImage`, `movie_Certificate`) VALUES ('6', 'DOA HOA AC MA', 'Kim Cheol-Kyu', '2020', '2020', '2020-07-27', '/11176/poster.medium.jpg', '16+');
INSERT INTO `wwdb`.`movies` (`movie_id`, `movie_name`, `movie_directors`, `movie_casts`, `movie_year`, `movie_premiereDay`, `movie_coverImage`, `movie_Certificate`) VALUES ('7', 'CAN PHONG DAM MAU', 'Yoon Een-Kyoung', '2020', '2020', '2020-04-29', '/11282/poster.medium.jpg', '16+');
INSERT INTO `wwdb`.`movies` (`movie_id`, `movie_name`, `movie_directors`, `movie_casts`, `movie_year`, `movie_coverImage`, `movie_Certificate`) VALUES ('8', 'NA TRA HAN YEN KY', 'CAO TIEN MINH', '2020', '2020', '/11110/poster.medium.jpg', '16+');
INSERT INTO `wwdb`.`movies` (`movie_id`, `movie_name`, `movie_directors`, `movie_casts`, `movie_year`, `movie_premiereDay`, `movie_coverImage`, `movie_Certificate`) VALUES ('9', 'THOI KY KIEM LOAN', 'Hong-sun Kim', '2017', '2017', '2017-11-14', '/11331/poster.medium.jpg', '16+');
INSERT INTO `wwdb`.`movies` (`movie_id`, `movie_name`, `movie_casts`, `movie_year`, `movie_premiereDay`, `movie_coverImage`, `movie_Certificate`) VALUES ('10', 'DAO MO BUT KY 3: TRUNG KHOI', '2020', '2020', '2020-07-15', '/9152/poster.medium.jpg', '16+');
INSERT INTO `wwdb`.`movies` (`movie_id`, `movie_name`, `movie_casts`, `movie_year`, `movie_coverImage`, `movie_Certificate`) VALUES ('11', 'DAN GIAN KY DICH CHI', '2020', '2020', '/10945/poster.medium.jpg', '16+');
INSERT INTO `wwdb`.`movies` (`movie_id`, `movie_name`, `movie_directors`, `movie_casts`, `movie_year`, `movie_coverImage`, `movie_Certificate`) VALUES ('12', 'QUYET KGONG KHUAT PHUC', 'CHU HIEN DUONG', '2020', '2018', '/11197/poster.medium.jpg', '16+');
INSERT INTO `wwdb`.`movies` (`movie_id`, `movie_name`, `movie_directors`, `movie_casts`, `movie_year`, `movie_premiereDay`, `movie_coverImage`, `movie_Certificate`) VALUES ('13', 'THANH TROY SUP DO(PHAN 2)', 'David Farr', '2018', '2018', '2018-02-17', '/11327/poster.medium.jpg', '16+');
INSERT INTO `wwdb`.`movies` (`movie_id`, `movie_name`, `movie_casts`, `movie_year`, `movie_coverImage`, `movie_Certificate`) VALUES ('14', 'HAN LONG DAI THIEN SU: TROC YEN BANG', '2020', '2020', '/11068/poster.medium.jpg', '16+');
INSERT INTO `wwdb`.`movies` (`movie_id`, `movie_name`, `movie_directors`, `movie_casts`, `movie_year`, `movie_premiereDay`, `movie_coverImage`, `movie_Certificate`) VALUES ('15', 'CHIEC LA BAN VANG', 'Chris Weitz', '2007', '2007', '2017-12-05', '/6185/poster.medium.jpg', '16+');
INSERT INTO `wwdb`.`movies` (`movie_id`, `movie_name`, `movie_directors`, `movie_casts`, `movie_year`, `movie_premiereDay`, `movie_coverImage`, `movie_Certificate`) VALUES ('16', 'HA THAN 2', 'DIEN LY', '2020', '2020', '2020-07-06', '/8994/poster.medium.jpg', '16+');
INSERT INTO `wwdb`.`movies` (`movie_id`, `movie_name`, `movie_directors`, `movie_casts`, `movie_year`, `movie_premiereDay`, `movie_coverImage`, `movie_Certificate`) VALUES ('17', 'NGUOI SAT 3', 'Shane Black', '2013', '2013', '2013-04-24', '/2/poster.medium.jpg', '16+');
INSERT INTO `wwdb`.`movies` (`movie_id`, `movie_name`, `movie_directors`, `movie_casts`, `movie_year`, `movie_premiereDay`, `movie_coverImage`, `movie_Certificate`) VALUES ('18', 'NGUOI NHEN: VE NHA', 'Jon Watts', '2017', '2017', '2017-07-07', '/4640/poster.medium.jpg', '16+');
INSERT INTO `wwdb`.`movies` (`movie_id`, `movie_name`, `movie_directors`, `movie_casts`, `movie_year`, `movie_premiereDay`, `movie_coverImage`, `movie_Certificate`) VALUES ('19', 'DAI CHIEN THAI BINH DUONG', 'Guillermo Del Toro', '2013', '2013', '2013-07-11', '/1/poster.medium.jpg', '16+');
INSERT INTO `wwdb`.`movies` (`movie_id`, `movie_name`, `movie_directors`, `movie_casts`, `movie_year`, `movie_coverImage`, `movie_Certificate`) VALUES ('20', '12 CON GIAP', 'THANH LONG', '2013', '2013', '/3/poster.medium.jpg', '16+');
INSERT INTO `wwdb`.`movies` (`movie_id`, `movie_name`, `movie_casts`, `movie_year`, `movie_premiereDay`, `movie_coverImage`, `movie_Certificate`) VALUES ('21', 'CAPTAIN AMERICA 3: NOI CHIEN SIAU ANH HUNG', '2016', '2016', '2016-04-27', '/3086/poster.medium.jpg', '16+');
INSERT INTO `wwdb`.`movies` (`movie_id`, `movie_name`, `movie_directors`, `movie_casts`, `movie_year`, `movie_premiereDay`, `movie_coverImage`, `movie_Certificate`) VALUES ('22', 'POKEMON (PHAN 2)', 'Kunihiko Yuyama', '1997', '1997', '1997-04-01', '/2504/poster.medium.jpg', '16+');
INSERT INTO `wwdb`.`movies` (`movie_id`, `movie_name`, `movie_directors`, `movie_casts`, `movie_year`, `movie_coverImage`, `movie_Certificate`) VALUES ('23', 'DAO HAI TAC', 'Eiichiro Oda', '1999', '1999', '/665/poster.medium.jpg', '16+');
INSERT INTO `wwdb`.`movies` (`movie_id`, `movie_name`, `movie_directors`, `movie_casts`, `movie_year`, `movie_coverImage`, `movie_Certificate`) VALUES ('24', 'CAM TU NMA CA', 'LY TUE CHAU', '2020', '2020', '/11166/poster.medium.jpg', '16+');
INSERT INTO `wwdb`.`movies` (`movie_id`, `movie_name`, `movie_casts`, `movie_year`, `movie_coverImage`, `movie_Certificate`) VALUES ('25', 'DAI DUONG VINH NHUE', '2017', '2017', '/5125/poster.medium.jpg', '16+');
UPDATE `wwdb`.`movies` SET `movie_casts` = 'Joaquin Phoenix, Robert To Niro,...' WHERE (`movie_id` = '1');
UPDATE `wwdb`.`movies` SET `movie_casts` = 'Joaquin Phoenix, Robert To Niro,Zazie Beetz, Frances Cổny...' WHERE (`movie_id` = '1');
UPDATE `wwdb`.`movies` SET `movie_casts` = 'Thanh Nghi, Luu Hoc Nghia, Vien Bang Ngiem, Truong Di Hi,...' WHERE (`movie_id` = '2');
UPDATE `wwdb`.`movies` SET `movie_casts` = 'Scott Adkins, Hổn Kneafsey, Andrea Vasiliou,...' WHERE (`movie_id` = '3');
UPDATE `wwdb`.`movies` SET `movie_casts` = 'Trien Van Trac, Thich Tieu Long,...' WHERE (`movie_id` = '4');
UPDATE `wwdb`.`movies` SET `movie_casts` = 'has no balance', `movie_Description` = 'Noi dung cua bo truyen la phan tiep theo dua tren noi dung bo truyen goc cua Masashi Kishimoto, ke ve thoi dại cua Boruto, con trai cua Hokage de that Naruto.' WHERE (`movie_id` = '5');
UPDATE `wwdb`.`movies` SET `movie_casts` = 'Lee Joong-Gi, Moon Chear-Won,....', `movie_Description` = 'Cha cua Ji Won phat hien ra su lua roi cua chong va quyat dinh dieu trave qua khu cua anh ay' WHERE (`movie_id` = '6');
UPDATE `wwdb`.`movies` SET `movie_casts` = 'Se-Yeong lee, Ji-Yuong Park, So-Yi Park,...', `movie_Description` = 'co gia tre Yoo Mi dua em gai mk den khach san cua mot nguoi me cua ban minhva lien tuc gap phai su kien rung ron' WHERE (`movie_id` = '7');
UPDATE `wwdb`.`movies` SET `movie_casts` = 'Nguy Nguy, Tuong Y Y,...', `movie_Description` = 'Bo phim ke ve hanh trinh Na Tra,con trai của Thac Thien Vuong Ly Tinh va nguoi ban than thiet cua minh la tTieu Long Nu, Tieu cong chua Dong Hai hang yeu phuc ma' WHERE (`movie_id` = '8');
UPDATE `wwdb`.`movies` SET `movie_casts` = 'Jea-Yun Ho,He-In Jung,...', `movie_Description` = 'Ke ve cuoc cham chan cuoi cung trong lich su nhu ma khong duoc ghi chep lai va cu vay ma noi ra!' WHERE (`movie_id` = '9');
UPDATE `wwdb`.`movies` SET `movie_casts` = 'Ho Quan,Tran So Ha, Ly Man,...', `movie_Description` = 'Tan Linh Than THu la phan tiep theo cua Ngo Ta se cung voi Lao Ngua cunng nhau tham hiemTan Linh voi nhieu bi an trong dó' WHERE (`movie_id` = '10');
UPDATE `wwdb`.`movies` SET `movie_casts` = 'has no balance', `movie_Description` = 'Phim ke ve mot trung khong duoc gih cheptrong lich su, o do co ca Nhan Toc va Yeu Toc' WHERE (`movie_id` = '11');
UPDATE `wwdb`.`movies` SET `movie_casts` = 'Truong Quan Linh, Han Canh, Quan Mai,..', `movie_Description` = 'Ke vee Vua Quyen anh voi danh hieu Tu Than bat bai Chu Thuy, mot lan khong canr than bij tu 5 nam' WHERE (`movie_id` = '12');
UPDATE `wwdb`.`movies` SET `movie_casts` = 'Bella Dayne, Chloe Prrie, Johnny Harrias,..', `movie_Description` = 'Dua tren su thi Hy Lap co dai \'lliad\'., Thanh Troy Sup Do ke ve cau truyen thanh bi bao vay 10 nam thanh pho  co Troy' WHERE (`movie_id` = '13');
UPDATE `wwdb`.`movies` SET `movie_casts` = 'Banh Ngu Khu, Khung Manh HIen, Mau Dung Ban', `movie_Description` = 'Phim xoay quanh nhan vat Tu Nguyen va tro thanh Giang Long Dai Su' WHERE (`movie_id` = '14');
UPDATE `wwdb`.`movies` SET `movie_casts` = 'Nicole Kidman, Daniel Craig,Ben Wallker,...', `movie_Description` = 'The Golden Compass ke ve chuyen phieu luu cua co be Lyra den mot the gioi ton tai song song voi the gioi loai nguoi de cuu nguoi ban than thiet vua bi bat coc' WHERE (`movie_id` = '15');
UPDATE `wwdb`.`movies` SET `movie_casts` = 'Kim The Giai, Tran Du Me, Tran Cach An,..', `movie_Description` = 'Trong Ha Than 2, Hai Ha day song, thien đoan Tan Mon mot lan nua xuat hien, Cuu Nguu, Nhi Ho, Nhat Ke xuat hien, than song tru ma, diet yeu quai duoi nuoc' WHERE (`movie_id` = '16');
UPDATE `wwdb`.`movies` SET `movie_casts` = 'Robert Downwy Jr, Xuqei Wang, Dala Dickey,...', `movie_Description` = 'tu sua nhung su kien va nhung chien tranh day am anh trong Avengers, tony stark quay ve o an, tam thoi trong tu cah ty phu giau co va gac lai danh hieu sieu anh hunh' WHERE (`movie_id` = '17');
UPDATE `wwdb`.`movies` SET `movie_casts` = 'Chris Evans, Martin Starr,..', `movie_Description` = 'Ke ve cuocsong trung hoc cua Perter Paker-sieu anh hung Nguoi Nhen' WHERE (`movie_id` = '18');
UPDATE `wwdb`.`movies` SET `movie_casts` = 'Charlie Hunam, Diego Klattenhoff,Rinko Kikuchi,...', `movie_Description` = 'Ke ve cuoc chien cua con nguoi chong lai nhung quai vat den tu ke nuwt cua Thai Binh Duong mang ten goi Kaiju' WHERE (`movie_id` = '19');
UPDATE `wwdb`.`movies` SET `movie_casts` = 'Thanh Long, Ken Lo, Rani Bheemuck,...', `movie_Description` = 'Chineese Zodiac ke ve cau truyen mot anh hunh Trung Quoc lay lai duoc cac buoc tranh tuong dong ve 12 con giap' WHERE (`movie_id` = '20');
UPDATE `wwdb`.`movies` SET `movie_casts` = 'Chris Evans,Robert Downwy Jr, Scarlett Johansson,...', `movie_Description` = 'Đieu nay gay ra su phan cuc trong noi bo nhom Avengers, tao nen hai phe gom Iron Man va Captain America, gay ra mot tran chien su thi giua nhung nguoi đong đoi.' WHERE (`movie_id` = '21');
UPDATE `wwdb`.`movies` SET `movie_casts` = 'Rodger parsons, Kayzaie Rogers, ...', `movie_Description` = 'Ke ve cuoc phu lu cua Satoshi cung cac coong su mink la Pikachu toi vung dat moi.' WHERE (`movie_id` = '22');
UPDATE `wwdb`.`movies` SET `movie_casts` = 'Mayumi Tanaka, Akemi Okamura,Kapaei Yamaguchi,...', `movie_Description` = 'Ke ve mot cau be Mokey D.Luyffy do an nham tac ac quy va cuoc phieu luu tim kiem kho bau One Pice bant dau.' WHERE (`movie_id` = '23');
UPDATE `wwdb`.`movies` SET `movie_casts` = 'Li Than, Tan hoa, Coc Gia Thanh,...', `movie_Description` = 'Bo phim ke ve nam Nguyn Gia thoi Luu tong, thien ha roi ren, giam quoc Luu Nghia Khang suc mong luc yeu nhung lai muon ket hon voi Tham Gia, mootj gia toc co dong doi nha tuong.Qua nhieu bien co hai nguoi nan sinh tinh cam' WHERE (`movie_id` = '24');
UPDATE `wwdb`.`movies` SET `movie_casts` = 'Canh Diem, Thu Suong,Mao tu Tuan,...', `movie_Description` = 'Pan 2 nay Tram Tran Chau sinh ra con trai ca la Duong Duc Tong-Ly Thich. khi Ly Thich len ngoi, Tram Tran Chau duoc sac phong va ton vinh vi nhung cong hien da danh cho dat nuoc' WHERE (`movie_id` = '25');



INSERT INTO `wwdb`.`nations` (`nation_id`, `nation_name`) VALUES ('1', 'VietNam');
INSERT INTO `wwdb`.`nations` (`nation_id`, `nation_name`) VALUES ('2', 'China');
INSERT INTO `wwdb`.`nations` (`nation_id`, `nation_name`) VALUES ('3', 'HongKong');
INSERT INTO `wwdb`.`nations` (`nation_id`, `nation_name`) VALUES ('4', 'Japan');
INSERT INTO `wwdb`.`nations` (`nation_id`, `nation_name`) VALUES ('5', 'USA');
INSERT INTO `wwdb`.`nations` (`nation_id`, `nation_name`) VALUES ('6', 'France');
INSERT INTO `wwdb`.`nations` (`nation_id`, `nation_name`) VALUES ('7', 'Canada');
INSERT INTO `wwdb`.`nations` (`nation_id`, `nation_name`) VALUES ('8', 'English');
INSERT INTO `wwdb`.`nations` (`nation_id`, `nation_name`) VALUES ('9', 'Korea');
INSERT INTO `wwdb`.`nations` (`nation_id`, `nation_name`) VALUES ('10', 'Other countries');

INSERT INTO `wwdb`.`nationsclassification` (`nc_id`, `nation_id`, `movie_id`) VALUES ('1', '5', '1');
INSERT INTO `wwdb`.`nationsclassification` (`nc_id`, `nation_id`, `movie_id`) VALUES ('2', '7', '1');
INSERT INTO `wwdb`.`nationsclassification` (`nc_id`, `nation_id`, `movie_id`) VALUES ('3', '2', '2');
INSERT INTO `wwdb`.`nationsclassification` (`nc_id`, `nation_id`, `movie_id`) VALUES ('4', '5', '3');
INSERT INTO `wwdb`.`nationsclassification` (`nc_id`, `nation_id`, `movie_id`) VALUES ('5', '8', '3');
INSERT INTO `wwdb`.`nationsclassification` (`nc_id`, `nation_id`, `movie_id`) VALUES ('6', '10', '3');
INSERT INTO `wwdb`.`nationsclassification` (`nc_id`, `nation_id`, `movie_id`) VALUES ('7', '2', '4');
INSERT INTO `wwdb`.`nationsclassification` (`nc_id`, `nation_id`, `movie_id`) VALUES ('8', '4', '5');
INSERT INTO `wwdb`.`nationsclassification` (`nc_id`, `nation_id`, `movie_id`) VALUES ('9', '9', '6');
INSERT INTO `wwdb`.`nationsclassification` (`nc_id`, `nation_id`, `movie_id`) VALUES ('10', '9', '7');
INSERT INTO `wwdb`.`nationsclassification` (`nc_id`, `nation_id`, `movie_id`) VALUES ('11', '2', '8');
INSERT INTO `wwdb`.`nationsclassification` (`nc_id`, `nation_id`, `movie_id`) VALUES ('12', '9', '9');
INSERT INTO `wwdb`.`nationsclassification` (`nc_id`, `nation_id`, `movie_id`) VALUES ('13', '2', '10');
INSERT INTO `wwdb`.`nationsclassification` (`nc_id`, `nation_id`, `movie_id`) VALUES ('14', '2', '11');
INSERT INTO `wwdb`.`nationsclassification` (`nc_id`, `nation_id`, `movie_id`) VALUES ('15', '2', '12');
INSERT INTO `wwdb`.`nationsclassification` (`nc_id`, `nation_id`, `movie_id`) VALUES ('16', '5', '13');
INSERT INTO `wwdb`.`nationsclassification` (`nc_id`, `nation_id`, `movie_id`) VALUES ('17', '8', '13');
INSERT INTO `wwdb`.`nationsclassification` (`nc_id`, `nation_id`, `movie_id`) VALUES ('18', '10', '13');
INSERT INTO `wwdb`.`nationsclassification` (`nc_id`, `nation_id`, `movie_id`) VALUES ('19', '2', '14');
INSERT INTO `wwdb`.`nationsclassification` (`nc_id`, `nation_id`, `movie_id`) VALUES ('20', '5', '15');
INSERT INTO `wwdb`.`nationsclassification` (`nc_id`, `nation_id`, `movie_id`) VALUES ('21', '8', '15');
INSERT INTO `wwdb`.`nationsclassification` (`nc_id`, `nation_id`, `movie_id`) VALUES ('22', '2', '16');
INSERT INTO `wwdb`.`nationsclassification` (`nc_id`, `nation_id`, `movie_id`) VALUES ('23', '2', '17');
INSERT INTO `wwdb`.`nationsclassification` (`nc_id`, `nation_id`, `movie_id`) VALUES ('24', '5', '17');
INSERT INTO `wwdb`.`nationsclassification` (`nc_id`, `nation_id`, `movie_id`) VALUES ('25', '5', '18');
INSERT INTO `wwdb`.`nationsclassification` (`nc_id`, `nation_id`, `movie_id`) VALUES ('26', '5', '19');
INSERT INTO `wwdb`.`nationsclassification` (`nc_id`, `nation_id`, `movie_id`) VALUES ('27', '2', '20');
INSERT INTO `wwdb`.`nationsclassification` (`nc_id`, `nation_id`, `movie_id`) VALUES ('28', '3', '20');
INSERT INTO `wwdb`.`nationsclassification` (`nc_id`, `nation_id`, `movie_id`) VALUES ('29', '5', '21');
INSERT INTO `wwdb`.`nationsclassification` (`nc_id`, `nation_id`, `movie_id`) VALUES ('30', '4', '22');
INSERT INTO `wwdb`.`nationsclassification` (`nc_id`, `nation_id`, `movie_id`) VALUES ('31', '4', '23');
INSERT INTO `wwdb`.`nationsclassification` (`nc_id`, `nation_id`, `movie_id`) VALUES ('32', '2', '24');
INSERT INTO `wwdb`.`nationsclassification` (`nc_id`, `nation_id`, `movie_id`) VALUES ('33', '2', '25');



INSERT INTO `wwdb`.`tags` (`tag_id`, `tag_name`) VALUES ('1', 'Phim hành động');
INSERT INTO `wwdb`.`tags` (`tag_id`, `tag_name`) VALUES ('2', 'Phim cổ trang');
INSERT INTO `wwdb`.`tags` (`tag_id`, `tag_name`) VALUES ('3', 'Phim kinh dị');
INSERT INTO `wwdb`.`tags` (`tag_id`, `tag_name`) VALUES ('4', 'Phim khoa học-Viễn tưởng');
INSERT INTO `wwdb`.`tags` (`tag_id`, `tag_name`) VALUES ('5', 'Phim hài hước');
INSERT INTO `wwdb`.`tags` (`tag_id`, `tag_name`) VALUES ('6', 'Phim võ thuận');
INSERT INTO `wwdb`.`tags` (`tag_id`, `tag_name`) VALUES ('7', 'Phim chiến tranh');
INSERT INTO `wwdb`.`tags` (`tag_id`, `tag_name`) VALUES ('8', 'Phim hình sự');
INSERT INTO `wwdb`.`tags` (`tag_id`, `tag_name`) VALUES ('9', 'Phim chính kịch - drama');
INSERT INTO `wwdb`.`tags` (`tag_id`, `tag_name`) VALUES ('10', 'Phim thể thao-âm nhạc');
INSERT INTO `wwdb`.`tags` (`tag_id`, `tag_name`) VALUES ('11', 'Phim tâm lý');
INSERT INTO `wwdb`.`tags` (`tag_id`, `tag_name`) VALUES ('12', 'Phim gia đình');
INSERT INTO `wwdb`.`tags` (`tag_id`, `tag_name`) VALUES ('13', 'Phim hồi hộp-Gay cấn');
INSERT INTO `wwdb`.`tags` (`tag_id`, `tag_name`) VALUES ('14', 'Phim tài liệu');
INSERT INTO `wwdb`.`tags` (`tag_id`, `tag_name`) VALUES ('15', 'Phim hoạt hình');
INSERT INTO `wwdb`.`tags` (`tag_id`, `tag_name`) VALUES ('16', 'Phim bí ẩn-Siêu nhiên');
INSERT INTO `wwdb`.`tags` (`tag_id`, `tag_name`) VALUES ('17', 'Phim tình cảm-Lãng mạng');
INSERT INTO `wwdb`.`tags` (`tag_id`, `tag_name`) VALUES ('18', 'Phim phiêu lưu');
INSERT INTO `wwdb`.`tags` (`tag_id`, `tag_name`) VALUES ('19', 'Phim thần thoại');
INSERT INTO `wwdb`.`tags` (`tag_id`, `tag_name`) VALUES ('20', 'Phim bộ');
INSERT INTO `wwdb`.`tags` (`tag_id`, `tag_name`) VALUES ('21', 'Phim lẻ');
INSERT INTO `wwdb`.`tags` (`tag_id`, `tag_name`) VALUES ('22', 'Phim chiếu rạp');
UPDATE `wwdb`.`tags` SET `tag_name` = 'PHIM HANHDONG' WHERE (`tag_id` = '1');
UPDATE `wwdb`.`tags` SET `tag_name` = 'PHIM CO TRANG' WHERE (`tag_id` = '2');
UPDATE `wwdb`.`tags` SET `tag_name` = 'PHIM KINH DI' WHERE (`tag_id` = '3');
UPDATE `wwdb`.`tags` SET `tag_name` = 'PHIM KHOA HOC-VIEN TUONG' WHERE (`tag_id` = '4');
UPDATE `wwdb`.`tags` SET `tag_name` = 'PHIM HAI HUOC' WHERE (`tag_id` = '5');
UPDATE `wwdb`.`tags` SET `tag_name` = 'PHIM VO THUAT' WHERE (`tag_id` = '6');
UPDATE `wwdb`.`tags` SET `tag_name` = 'PHIM CHIEN TRANH' WHERE (`tag_id` = '7');
UPDATE `wwdb`.`tags` SET `tag_name` = 'PHIM HINH SU' WHERE (`tag_id` = '8');
UPDATE `wwdb`.`tags` SET `tag_name` = 'PHIM CHINH KICK' WHERE (`tag_id` = '9');
UPDATE `wwdb`.`tags` SET `tag_name` = 'PHIM THE THAO-AM NHAC' WHERE (`tag_id` = '10');
UPDATE `wwdb`.`tags` SET `tag_name` = 'PHIM TAM LY' WHERE (`tag_id` = '11');
UPDATE `wwdb`.`tags` SET `tag_name` = 'PHIM GIA DINH' WHERE (`tag_id` = '12');
UPDATE `wwdb`.`tags` SET `tag_name` = 'PHIM HOI HOP-HGAY CAN' WHERE (`tag_id` = '13');
UPDATE `wwdb`.`tags` SET `tag_name` = 'PHIM TAI LIEU' WHERE (`tag_id` = '14');
UPDATE `wwdb`.`tags` SET `tag_name` = 'PHIM HOAT HINH' WHERE (`tag_id` = '15');
UPDATE `wwdb`.`tags` SET `tag_name` = 'PHI BI AN SIEU NHIEN' WHERE (`tag_id` = '16');
UPDATE `wwdb`.`tags` SET `tag_name` = 'PHIM TINH CAM LANG MANG' WHERE (`tag_id` = '17');
UPDATE `wwdb`.`tags` SET `tag_name` = 'PHIM PHIEU LUU' WHERE (`tag_id` = '18');
UPDATE `wwdb`.`tags` SET `tag_name` = 'PHIM THAN THOAI' WHERE (`tag_id` = '19');
UPDATE `wwdb`.`tags` SET `tag_name` = 'PHIM BO ' WHERE (`tag_id` = '20');
UPDATE `wwdb`.`tags` SET `tag_name` = 'PHIM LE' WHERE (`tag_id` = '21');
UPDATE `wwdb`.`tags` SET `tag_name` = 'PHIM CHIEU RAP' WHERE (`tag_id` = '22');


INSERT INTO `wwdb`.`tagsclassification` (`tc_id`, `tag_id`, `movie_id`) VALUES ('1', '8', '1');
INSERT INTO `wwdb`.`tagsclassification` (`tc_id`, `tag_id`, `movie_id`) VALUES ('2', '13', '1');
INSERT INTO `wwdb`.`tagsclassification` (`tc_id`, `tag_id`, `movie_id`) VALUES ('3', '9', '1');
INSERT INTO `wwdb`.`tagsclassification` (`tc_id`, `tag_id`, `movie_id`) VALUES ('4', '20', '1');
INSERT INTO `wwdb`.`tagsclassification` (`tc_id`, `tag_id`, `movie_id`) VALUES ('5', '21', '1');
INSERT INTO `wwdb`.`tagsclassification` (`tc_id`, `tag_id`, `movie_id`) VALUES ('6', '4', '2');
INSERT INTO `wwdb`.`tagsclassification` (`tc_id`, `tag_id`, `movie_id`) VALUES ('7', '6', '2');
INSERT INTO `wwdb`.`tagsclassification` (`tc_id`, `tag_id`, `movie_id`) VALUES ('8', '17', '2');
INSERT INTO `wwdb`.`tagsclassification` (`tc_id`, `tag_id`, `movie_id`) VALUES ('9', '20', '2');
INSERT INTO `wwdb`.`tagsclassification` (`tc_id`, `tag_id`, `movie_id`) VALUES ('10', '1', '3');
INSERT INTO `wwdb`.`tagsclassification` (`tc_id`, `tag_id`, `movie_id`) VALUES ('11', '13', '3');
INSERT INTO `wwdb`.`tagsclassification` (`tc_id`, `tag_id`, `movie_id`) VALUES ('12', '21', '3');
INSERT INTO `wwdb`.`tagsclassification` (`tc_id`, `tag_id`, `movie_id`) VALUES ('13', '1', '4');
INSERT INTO `wwdb`.`tagsclassification` (`tc_id`, `tag_id`, `movie_id`) VALUES ('14', '2', '4');
INSERT INTO `wwdb`.`tagsclassification` (`tc_id`, `tag_id`, `movie_id`) VALUES ('15', '6', '4');
INSERT INTO `wwdb`.`tagsclassification` (`tc_id`, `tag_id`, `movie_id`) VALUES ('16', '18', '4');
INSERT INTO `wwdb`.`tagsclassification` (`tc_id`, `tag_id`, `movie_id`) VALUES ('17', '20', '4');
INSERT INTO `wwdb`.`tagsclassification` (`tc_id`, `tag_id`, `movie_id`) VALUES ('18', '1', '5');
INSERT INTO `wwdb`.`tagsclassification` (`tc_id`, `tag_id`, `movie_id`) VALUES ('19', '5', '5');
INSERT INTO `wwdb`.`tagsclassification` (`tc_id`, `tag_id`, `movie_id`) VALUES ('20', '15', '5');
INSERT INTO `wwdb`.`tagsclassification` (`tc_id`, `tag_id`, `movie_id`) VALUES ('21', '18', '5');
INSERT INTO `wwdb`.`tagsclassification` (`tc_id`, `tag_id`, `movie_id`) VALUES ('22', '20', '5');
INSERT INTO `wwdb`.`tagsclassification` (`tc_id`, `tag_id`, `movie_id`) VALUES ('23', '8', '6');
INSERT INTO `wwdb`.`tagsclassification` (`tc_id`, `tag_id`, `movie_id`) VALUES ('24', '13', '6');
INSERT INTO `wwdb`.`tagsclassification` (`tc_id`, `tag_id`, `movie_id`) VALUES ('25', '17', '6');
INSERT INTO `wwdb`.`tagsclassification` (`tc_id`, `tag_id`, `movie_id`) VALUES ('26', '20', '6');
INSERT INTO `wwdb`.`tagsclassification` (`tc_id`, `tag_id`, `movie_id`) VALUES ('27', '3', '7');
INSERT INTO `wwdb`.`tagsclassification` (`tc_id`, `tag_id`, `movie_id`) VALUES ('28', '8', '7');
INSERT INTO `wwdb`.`tagsclassification` (`tc_id`, `tag_id`, `movie_id`) VALUES ('29', '21', '7');
INSERT INTO `wwdb`.`tagsclassification` (`tc_id`, `tag_id`, `movie_id`) VALUES ('30', '2', '8');
INSERT INTO `wwdb`.`tagsclassification` (`tc_id`, `tag_id`, `movie_id`) VALUES ('31', '4', '8');
INSERT INTO `wwdb`.`tagsclassification` (`tc_id`, `tag_id`, `movie_id`) VALUES ('32', '6', '8');
INSERT INTO `wwdb`.`tagsclassification` (`tc_id`, `tag_id`, `movie_id`) VALUES ('33', '18', '8');
INSERT INTO `wwdb`.`tagsclassification` (`tc_id`, `tag_id`, `movie_id`) VALUES ('34', '19', '8');
INSERT INTO `wwdb`.`tagsclassification` (`tc_id`, `tag_id`, `movie_id`) VALUES ('35', '20', '8');
INSERT INTO `wwdb`.`tagsclassification` (`tc_id`, `tag_id`, `movie_id`) VALUES ('36', '1', '9');
INSERT INTO `wwdb`.`tagsclassification` (`tc_id`, `tag_id`, `movie_id`) VALUES ('37', '2', '9');
INSERT INTO `wwdb`.`tagsclassification` (`tc_id`, `tag_id`, `movie_id`) VALUES ('38', '21', '9');
INSERT INTO `wwdb`.`tagsclassification` (`tc_id`, `tag_id`, `movie_id`) VALUES ('39', '1', '10');
INSERT INTO `wwdb`.`tagsclassification` (`tc_id`, `tag_id`, `movie_id`) VALUES ('40', '3', '10');
INSERT INTO `wwdb`.`tagsclassification` (`tc_id`, `tag_id`, `movie_id`) VALUES ('41', '18', '10');
INSERT INTO `wwdb`.`tagsclassification` (`tc_id`, `tag_id`, `movie_id`) VALUES ('42', '20', '10');
INSERT INTO `wwdb`.`tagsclassification` (`tc_id`, `tag_id`, `movie_id`) VALUES ('43', '2', '11');
INSERT INTO `wwdb`.`tagsclassification` (`tc_id`, `tag_id`, `movie_id`) VALUES ('44', '18', '11');
INSERT INTO `wwdb`.`tagsclassification` (`tc_id`, `tag_id`, `movie_id`) VALUES ('45', '19', '11');
INSERT INTO `wwdb`.`tagsclassification` (`tc_id`, `tag_id`, `movie_id`) VALUES ('46', '21', '11');
INSERT INTO `wwdb`.`tagsclassification` (`tc_id`, `tag_id`, `movie_id`) VALUES ('47', '1', '12');
INSERT INTO `wwdb`.`tagsclassification` (`tc_id`, `tag_id`, `movie_id`) VALUES ('48', '6', '12');
INSERT INTO `wwdb`.`tagsclassification` (`tc_id`, `tag_id`, `movie_id`) VALUES ('49', '17', '12');
INSERT INTO `wwdb`.`tagsclassification` (`tc_id`, `tag_id`, `movie_id`) VALUES ('50', '21', '12');
INSERT INTO `wwdb`.`tagsclassification` (`tc_id`, `tag_id`, `movie_id`) VALUES ('51', '1', '13');
INSERT INTO `wwdb`.`tagsclassification` (`tc_id`, `tag_id`, `movie_id`) VALUES ('52', '7', '13');
INSERT INTO `wwdb`.`tagsclassification` (`tc_id`, `tag_id`, `movie_id`) VALUES ('53', '17', '13');
INSERT INTO `wwdb`.`tagsclassification` (`tc_id`, `tag_id`, `movie_id`) VALUES ('54', '18', '13');
INSERT INTO `wwdb`.`tagsclassification` (`tc_id`, `tag_id`, `movie_id`) VALUES ('55', '20', '13');
INSERT INTO `wwdb`.`tagsclassification` (`tc_id`, `tag_id`, `movie_id`) VALUES ('56', '2', '14');
INSERT INTO `wwdb`.`tagsclassification` (`tc_id`, `tag_id`, `movie_id`) VALUES ('57', '6', '14');
INSERT INTO `wwdb`.`tagsclassification` (`tc_id`, `tag_id`, `movie_id`) VALUES ('58', '21', '14');
INSERT INTO `wwdb`.`tagsclassification` (`tc_id`, `tag_id`, `movie_id`) VALUES ('59', '4', '15');
INSERT INTO `wwdb`.`tagsclassification` (`tc_id`, `tag_id`, `movie_id`) VALUES ('60', '18', '15');
INSERT INTO `wwdb`.`tagsclassification` (`tc_id`, `tag_id`, `movie_id`) VALUES ('61', '21', '15');
INSERT INTO `wwdb`.`tagsclassification` (`tc_id`, `tag_id`, `movie_id`) VALUES ('62', '1', '16');
INSERT INTO `wwdb`.`tagsclassification` (`tc_id`, `tag_id`, `movie_id`) VALUES ('63', '8', '16');
INSERT INTO `wwdb`.`tagsclassification` (`tc_id`, `tag_id`, `movie_id`) VALUES ('64', '20', '16');
INSERT INTO `wwdb`.`tagsclassification` (`tc_id`, `tag_id`, `movie_id`) VALUES ('65', '1', '17');
INSERT INTO `wwdb`.`tagsclassification` (`tc_id`, `tag_id`, `movie_id`) VALUES ('67', '4', '17');
INSERT INTO `wwdb`.`tagsclassification` (`tc_id`, `tag_id`, `movie_id`) VALUES ('68', '18', '17');
INSERT INTO `wwdb`.`tagsclassification` (`tc_id`, `tag_id`, `movie_id`) VALUES ('69', '21', '17');
INSERT INTO `wwdb`.`tagsclassification` (`tc_id`, `tag_id`, `movie_id`) VALUES ('70', '22', '17');
INSERT INTO `wwdb`.`tagsclassification` (`tc_id`, `tag_id`, `movie_id`) VALUES ('71', '1', '18');
INSERT INTO `wwdb`.`tagsclassification` (`tc_id`, `tag_id`, `movie_id`) VALUES ('72', '4', '18');
INSERT INTO `wwdb`.`tagsclassification` (`tc_id`, `tag_id`, `movie_id`) VALUES ('73', '18', '18');
INSERT INTO `wwdb`.`tagsclassification` (`tc_id`, `tag_id`, `movie_id`) VALUES ('74', '21', '18');
INSERT INTO `wwdb`.`tagsclassification` (`tc_id`, `tag_id`, `movie_id`) VALUES ('75', '22', '18');
INSERT INTO `wwdb`.`tagsclassification` (`tc_id`, `tag_id`, `movie_id`) VALUES ('76', '1', '19');
INSERT INTO `wwdb`.`tagsclassification` (`tc_id`, `tag_id`, `movie_id`) VALUES ('77', '4', '19');
INSERT INTO `wwdb`.`tagsclassification` (`tc_id`, `tag_id`, `movie_id`) VALUES ('78', '18', '19');
INSERT INTO `wwdb`.`tagsclassification` (`tc_id`, `tag_id`, `movie_id`) VALUES ('79', '21', '19');
INSERT INTO `wwdb`.`tagsclassification` (`tc_id`, `tag_id`, `movie_id`) VALUES ('80', '22', '19');
INSERT INTO `wwdb`.`tagsclassification` (`tc_id`, `tag_id`, `movie_id`) VALUES ('81', '1', '20');
INSERT INTO `wwdb`.`tagsclassification` (`tc_id`, `tag_id`, `movie_id`) VALUES ('82', '6', '20');
INSERT INTO `wwdb`.`tagsclassification` (`tc_id`, `tag_id`, `movie_id`) VALUES ('83', '18', '20');
INSERT INTO `wwdb`.`tagsclassification` (`tc_id`, `tag_id`, `movie_id`) VALUES ('84', '21', '20');
INSERT INTO `wwdb`.`tagsclassification` (`tc_id`, `tag_id`, `movie_id`) VALUES ('85', '1', '21');
INSERT INTO `wwdb`.`tagsclassification` (`tc_id`, `tag_id`, `movie_id`) VALUES ('86', '4', '21');
INSERT INTO `wwdb`.`tagsclassification` (`tc_id`, `tag_id`, `movie_id`) VALUES ('87', '18', '21');
INSERT INTO `wwdb`.`tagsclassification` (`tc_id`, `tag_id`, `movie_id`) VALUES ('88', '21', '21');
INSERT INTO `wwdb`.`tagsclassification` (`tc_id`, `tag_id`, `movie_id`) VALUES ('89', '22', '21');
INSERT INTO `wwdb`.`tagsclassification` (`tc_id`, `tag_id`, `movie_id`) VALUES ('90', '15', '22');
INSERT INTO `wwdb`.`tagsclassification` (`tc_id`, `tag_id`, `movie_id`) VALUES ('91', '18', '22');
INSERT INTO `wwdb`.`tagsclassification` (`tc_id`, `tag_id`, `movie_id`) VALUES ('92', '21', '22');
INSERT INTO `wwdb`.`tagsclassification` (`tc_id`, `tag_id`, `movie_id`) VALUES ('93', '15', '23');
INSERT INTO `wwdb`.`tagsclassification` (`tc_id`, `tag_id`, `movie_id`) VALUES ('94', '18', '23');
INSERT INTO `wwdb`.`tagsclassification` (`tc_id`, `tag_id`, `movie_id`) VALUES ('95', '21', '23');
INSERT INTO `wwdb`.`tagsclassification` (`tc_id`, `tag_id`, `movie_id`) VALUES ('96', '1', '24');
INSERT INTO `wwdb`.`tagsclassification` (`tc_id`, `tag_id`, `movie_id`) VALUES ('97', '2', '24');
INSERT INTO `wwdb`.`tagsclassification` (`tc_id`, `tag_id`, `movie_id`) VALUES ('98', '6', '24');
INSERT INTO `wwdb`.`tagsclassification` (`tc_id`, `tag_id`, `movie_id`) VALUES ('99', '17', '24');
INSERT INTO `wwdb`.`tagsclassification` (`tc_id`, `tag_id`, `movie_id`) VALUES ('100', '20', '24');
INSERT INTO `wwdb`.`tagsclassification` (`tc_id`, `tag_id`, `movie_id`) VALUES ('101', '17', '25');
INSERT INTO `wwdb`.`tagsclassification` (`tc_id`, `tag_id`, `movie_id`) VALUES ('102', '19', '25');
INSERT INTO `wwdb`.`tagsclassification` (`tc_id`, `tag_id`, `movie_id`) VALUES ('103', '20', '25');



INSERT INTO `wwdb`.`sources` (`source_id`, `movie_id`, `source_episode`, `source_url_watch`) VALUES ('1', '1', '0', 'http://www.phimmoizz.net/phim/ga-he-i2-8592/');
INSERT INTO `wwdb`.`sources` (`source_id`, `movie_id`, `source_episode`, `source_url_watch`) VALUES ('2', '2', '59', 'http://www.phimmoizz.net/phim/luu-ly-11307/');
INSERT INTO `wwdb`.`sources` (`source_id`, `movie_id`, `source_episode`, `source_url_watch`) VALUES ('3', '3', '0', 'http://www.phimmoizz.net/phim/dac-vu-ngam-11287/');
INSERT INTO `wwdb`.`sources` (`source_id`, `movie_id`, `source_episode`, `source_url_watch`) VALUES ('4', '4', '45', 'http://www.phimmoizz.net/phim/dai-hiep-hoac-nguyen-giap-11274/');
INSERT INTO `wwdb`.`sources` (`source_id`, `movie_id`, `source_episode`, `source_url_watch`) VALUES ('5', '5', '160', 'http://www.phimmoizz.net/phim/boruto-naruto-the-he-ke-tiep-i18-4997/');
INSERT INTO `wwdb`.`sources` (`source_id`, `movie_id`, `source_episode`, `source_url_watch`) VALUES ('6', '6', '5', 'http://www.phimmoizz.net/phim/doa-hoa-ac-ma-11176/');
INSERT INTO `wwdb`.`sources` (`source_id`, `movie_id`, `source_episode`, `source_url_watch`) VALUES ('7', '7', '0', 'http://www.phimmoizz.net/phim/can-phong-dam-mau-11282/');
INSERT INTO `wwdb`.`sources` (`source_id`, `movie_id`, `source_episode`, `source_url_watch`) VALUES ('8', '8', '46', 'http://www.phimmoizz.net/phim/na-tra-hang-yeu-ky-11110/');
INSERT INTO `wwdb`.`sources` (`source_id`, `movie_id`, `source_episode`, `source_url_watch`) VALUES ('9', '9', '0', 'http://www.phimmoizz.net/phim/thoi-ky-phien-loan-11331/');
INSERT INTO `wwdb`.`sources` (`source_id`, `movie_id`, `source_episode`, `source_url_watch`) VALUES ('10', '10', '0', 'http://www.phimmoizz.net/phim/dao-mo-but-ky-3-trung-khoi-9152/');
INSERT INTO `wwdb`.`sources` (`source_id`, `movie_id`, `source_episode`, `source_url_watch`) VALUES ('11', '11', '0', 'http://www.phimmoizz.net/phim/dan-gian-ky-di-chi-10945/');
INSERT INTO `wwdb`.`sources` (`source_id`, `movie_id`, `source_episode`, `source_url_watch`) VALUES ('12', '12', '0', 'http://www.phimmoizz.net/phim/quyet-khong-khuat-phuc-11197/');
INSERT INTO `wwdb`.`sources` (`source_id`, `movie_id`, `source_episode`, `source_url_watch`) VALUES ('13', '13', '0', 'http://www.phimmoizz.net/phim/thanh-troy-sup-do-phan-1-11327/');
INSERT INTO `wwdb`.`sources` (`source_id`, `movie_id`, `source_episode`, `source_url_watch`) VALUES ('14', '14', '0', 'http://www.phimmoizz.net/phim/hang-long-dai-su-2-troc-yeu-bang-11068/');
INSERT INTO `wwdb`.`sources` (`source_id`, `movie_id`, `source_episode`, `source_url_watch`) VALUES ('15', '15', '0', 'http://www.phimmoizz.net/phim/chiec-la-ban-vang-6185/');
INSERT INTO `wwdb`.`sources` (`source_id`, `movie_id`, `source_episode`, `source_url_watch`) VALUES ('16', '16', '24', 'http://www.phimmoizz.net/phim/ha-than-2-8994/');
INSERT INTO `wwdb`.`sources` (`source_id`, `movie_id`, `source_episode`, `source_url_watch`) VALUES ('17', '17', '0', 'http://www.phimmoizz.net/phim/nguoi-sat-3-i8-2/');
INSERT INTO `wwdb`.`sources` (`source_id`, `movie_id`, `source_episode`, `source_url_watch`) VALUES ('18', '18', '0', 'http://www.phimmoizz.net/phim/nguoi-nhen-tro-ve-nha-i14-4640/');
INSERT INTO `wwdb`.`sources` (`source_id`, `movie_id`, `source_episode`, `source_url_watch`) VALUES ('19', '19', '0', 'http://www.phimmoizz.net/phim/sieu-dai-chien-thai-binh-duong-i3-1/');
INSERT INTO `wwdb`.`sources` (`source_id`, `movie_id`, `source_episode`, `source_url_watch`) VALUES ('20', '20', '0', 'http://www.phimmoizz.net/phim/12-con-giap-i1-3/');
INSERT INTO `wwdb`.`sources` (`source_id`, `movie_id`, `source_episode`, `source_url_watch`) VALUES ('21', '21', '0', 'http://www.phimmoizz.net/phim/captain-america-3-civil-war-i8-3086/');
INSERT INTO `wwdb`.`sources` (`source_id`, `movie_id`, `source_episode`, `source_url_watch`) VALUES ('22', '22', '1121', 'http://www.phimmoizz.net/phim/pokemon-phan-2-i12-2504/');
INSERT INTO `wwdb`.`sources` (`source_id`, `movie_id`, `source_episode`, `source_url_watch`) VALUES ('23', '23', '936', 'http://www.phimmoizz.net/phim/dao-hai-tac-i0-665/');
INSERT INTO `wwdb`.`sources` (`source_id`, `movie_id`, `source_episode`, `source_url_watch`) VALUES ('24', '24', '53', 'http://www.phimmoizz.net/phim/cam-tu-nam-ca-11166/');
INSERT INTO `wwdb`.`sources` (`source_id`, `movie_id`, `source_episode`, `source_url_watch`) VALUES ('25', '25', '32', 'http://www.phimmoizz.net/phim/dai-duong-vinh-dieu-2-5125/');
INSERT INTO `wwdb`.`sources` (`source_id`, `movie_id`, `source_episode`, `source_url_watch`) VALUES ('26', '5', '1', 'https://anime47.com/xem-phim-boruto-naruto-next-generations-ep-001/147194.html');
INSERT INTO `wwdb`.`sources` (`source_id`, `movie_id`, `source_episode`, `source_url_watch`) VALUES ('27', '5', '2', 'https://anime47.com/xem-phim-boruto-naruto-next-generations-ep-002/147195.html');

INSERT INTO `wwdb`.`favourites` (`acc_id`, `movie_id`, `fav_status`) VALUES ('1', '2', '1');
INSERT INTO `wwdb`.`favourites` (`acc_id`, `movie_id`, `fav_status`) VALUES ('1', '3', '1');
INSERT INTO `wwdb`.`favourites` (`acc_id`, `movie_id`, `fav_status`) VALUES ('1', '6', '1');
INSERT INTO `wwdb`.`favourites` (`acc_id`, `movie_id`, `fav_status`) VALUES ('1', '7', '1');
INSERT INTO `wwdb`.`favourites` (`acc_id`, `movie_id`, `fav_status`) VALUES ('2', '1', '1');
INSERT INTO `wwdb`.`favourites` (`acc_id`, `movie_id`, `fav_status`) VALUES ('2', '2', '1');
INSERT INTO `wwdb`.`favourites` (`acc_id`, `movie_id`, `fav_status`) VALUES ('2', '5', '1');